contribution,regime,condition,metric,baseline,estimate,ci_low,ci_high,p_value,effect_size,verdict,source
C2,stationary,"N=1000, test 300",ZZ_minus_Z_F1,QSVM_Z,0.0113600242333641,-0.0054082667196601,0.0281283151863884,0.232421875,0.4846332765991421,inconclusive,c2_paired_statistics.csv
C2,stationary,"N=1000, test 300",ZZ_minus_Z_KTA,QSVM_Z,0.1378072101942575,0.1267383994457033,0.1488760209428117,0.001953125,8.906226851906897,QSVM-favorable,c2_paired_statistics.csv
C3,temporal,KDDTest21_vs_KDDTestPlus,degradation_reduction,QSVM_Z,-0.0219138551610783,-0.0359666660450644,-0.0078610442770922,0.013671875,-1.1155225638288109,classical-favorable,c3_pairwise_statistics.csv
C3,temporal,KDDTest21_vs_KDDTestPlus,degradation_reduction,SVM_Linear,-0.0326610671714568,-0.0556621049528453,-0.0096600293900684,0.02734375,-1.015794164598793,classical-favorable,c3_pairwise_statistics.csv
C3,temporal,KDDTest21_vs_KDDTestPlus,degradation_reduction,SVM_Poly2,-0.0484484151626845,-0.0724858462757337,-0.0244109840496352,0.01171875,-1.4418307933080985,classical-favorable,c3_pairwise_statistics.csv
C3,temporal,KDDTest21_vs_KDDTestPlus,degradation_reduction,SVM_RBF,0.0006239437797689,-0.0207195037454769,0.0219673913050148,0.845703125,0.0209123896820431,inconclusive,c3_pairwise_statistics.csv
C3,temporal,KDDTest21_vs_KDDTestPlus,degradation_reduction,RandomForest,-0.0048483868828768,-0.0262775890033435,0.0165808152375898,0.76953125,-0.1618504982160166,inconclusive,c3_pairwise_statistics.csv
C3,temporal,KDDTest21_vs_KDDTestPlus,degradation_reduction,XGBoost,-0.0132722859807378,-0.0383322388736518,0.0117876669121761,0.46484375,-0.3788682873884288,inconclusive,c3_pairwise_statistics.csv
C3,perturbation,all_sigma_slope,slope_advantage,QSVM_Z,-0.8421327894147851,-1.0028462060941434,-0.6814193727354267,0.001953125,-3.74844564389418,classical-favorable,c3_pairwise_statistics.csv
C3,perturbation,all_sigma_slope,slope_advantage,SVM_Linear,-1.108240494679753,-1.273949600448012,-0.942531388911494,0.005859375,-4.784211994202624,classical-favorable,c3_pairwise_statistics.csv
C3,perturbation,all_sigma_slope,slope_advantage,SVM_Poly2,-1.0675242760836614,-1.2400566268669584,-0.8949919253003643,0.005859375,-4.426189405868692,classical-favorable,c3_pairwise_statistics.csv
C3,perturbation,all_sigma_slope,slope_advantage,SVM_RBF,-0.9966209770934727,-1.155870093615993,-0.8373718605709529,0.005859375,-4.476883226638458,classical-favorable,c3_pairwise_statistics.csv
C3,perturbation,all_sigma_slope,slope_advantage,RandomForest,-0.863766977222974,-1.0017520077296262,-0.7257819467163218,0.00390625,-4.47803410306409,classical-favorable,c3_pairwise_statistics.csv
C3,perturbation,all_sigma_slope,slope_advantage,XGBoost,-0.6932606521489004,-0.8662201906256128,-0.520301113672188,0.00390625,-2.8673110458806463,classical-favorable,c3_pairwise_statistics.csv
C3,prior_shift,attack_30pct,f1_advantage,QSVM_Z,0.014807709512769,-0.0001822315958118,0.0297976506213499,0.083984375,0.7066603654476508,inconclusive,c3_pairwise_statistics.csv
C3,prior_shift,attack_30pct,f1_advantage,SVM_Linear,0.0303087430942798,0.0119687351633137,0.048648751025246,0.029296875,1.182200616593592,QSVM-favorable,c3_pairwise_statistics.csv
C3,prior_shift,attack_30pct,f1_advantage,SVM_Poly2,0.0115669162140753,-0.0041727015230857,0.0273065339512364,0.2109375,0.5257099335513928,inconclusive,c3_pairwise_statistics.csv
C3,prior_shift,attack_30pct,f1_advantage,SVM_RBF,0.0146842925280308,-0.0040082748810727,0.0333768599371345,0.2109375,0.5619618664241907,inconclusive,c3_pairwise_statistics.csv
C3,prior_shift,attack_30pct,f1_advantage,RandomForest,-0.0090092662847791,-0.0242964776461341,0.0062779450765757,0.3203125,-0.421583812924627,inconclusive,c3_pairwise_statistics.csv
C3,prior_shift,attack_30pct,f1_advantage,XGBoost,-0.0128206068755497,-0.0315862784829148,0.0059450647318153,0.3203125,-0.4887280273937315,inconclusive,c3_pairwise_statistics.csv
C3,prior_shift,attack_50pct,f1_advantage,QSVM_Z,0.0237296623875903,0.0078563435335232,0.0396029812416575,0.013671875,1.0694157927398449,QSVM-favorable,c3_pairwise_statistics.csv
C3,prior_shift,attack_50pct,f1_advantage,SVM_Linear,0.0221925318625374,0.0041267161689008,0.0402583475561739,0.111328125,0.8787635830262781,inconclusive,c3_pairwise_statistics.csv
C3,prior_shift,attack_50pct,f1_advantage,SVM_Poly2,0.0232341439964616,0.0023159423092067,0.0441523456837165,0.111328125,0.7945570853121208,inconclusive,c3_pairwise_statistics.csv
C3,prior_shift,attack_50pct,f1_advantage,SVM_RBF,0.00682507437854,-0.0120064577821261,0.0256566065392062,0.322265625,0.2592653666689203,inconclusive,c3_pairwise_statistics.csv
C3,prior_shift,attack_50pct,f1_advantage,RandomForest,-0.0137248277956472,-0.0272385625097928,-0.0002110930815016,0.09765625,-0.7265312332082232,inconclusive,c3_pairwise_statistics.csv
C3,prior_shift,attack_50pct,f1_advantage,XGBoost,-0.0152862245979014,-0.0309964148887565,0.0004239656929537,0.10546875,-0.6960518065120397,inconclusive,c3_pairwise_statistics.csv
C3,prior_shift,attack_70pct,f1_advantage,QSVM_Z,0.0367359619591553,0.0169606646387623,0.0565112592795483,0.005859375,1.3288965348959176,QSVM-favorable,c3_pairwise_statistics.csv
C3,prior_shift,attack_70pct,f1_advantage,SVM_Linear,0.023070564496824,0.0007802692975565,0.0453608596960914,0.12890625,0.7403978947032903,inconclusive,c3_pairwise_statistics.csv
C3,prior_shift,attack_70pct,f1_advantage,SVM_Poly2,0.0290554102392707,0.0031958365965657,0.0549149838819756,0.111328125,0.8037637688141124,inconclusive,c3_pairwise_statistics.csv
C3,prior_shift,attack_70pct,f1_advantage,SVM_RBF,0.0032670983476713,-0.0204016762125996,0.0269358729079422,0.4921875,0.0987436573701094,inconclusive,c3_pairwise_statistics.csv
C3,prior_shift,attack_70pct,f1_advantage,RandomForest,-0.0160971110260153,-0.0376789268919013,0.0054847048398707,0.16015625,-0.5335593450745223,inconclusive,c3_pairwise_statistics.csv
C3,prior_shift,attack_70pct,f1_advantage,XGBoost,-0.0241772235788527,-0.0429641861873838,-0.0053902609703216,0.0390625,-0.9206035171913688,classical-favorable,c3_pairwise_statistics.csv
C3,attack_composition,normal50_dos50,f1_advantage,QSVM_Z,0.0534429295550644,0.0346013233862506,0.0722845357238782,0.001953125,2.029061025420559,QSVM-favorable,c3_pairwise_statistics.csv
C3,attack_composition,normal50_dos50,f1_advantage,SVM_Linear,0.0650042469566858,0.0496244494334807,0.0803840444798908,0.005859375,3.023527254430736,QSVM-favorable,c3_pairwise_statistics.csv
C3,attack_composition,normal50_dos50,f1_advantage,SVM_Poly2,0.0489381598436766,0.0310808498189448,0.0667954698684085,0.005859375,1.9604436817219344,QSVM-favorable,c3_pairwise_statistics.csv
C3,attack_composition,normal50_dos50,f1_advantage,SVM_RBF,0.0380886610991855,0.0206705753297993,0.0555067468685716,0.005859375,1.5642928343504223,QSVM-favorable,c3_pairwise_statistics.csv
C3,attack_composition,normal50_dos50,f1_advantage,RandomForest,0.0014433514959512,-0.0155786541273203,0.0184653571192228,1.0,0.0606574503174718,inconclusive,c3_pairwise_statistics.csv
C3,attack_composition,normal50_dos50,f1_advantage,XGBoost,0.0006384479446312,-0.0151449780317272,0.0164218739209897,1.0,0.0289365659261891,inconclusive,c3_pairwise_statistics.csv
C4,sample_complexity_natural,N=100,f1_macro,QSVM_Z,-0.0623536817057526,-0.0992949984643105,-0.0254123649471948,0.005859375,-1.2074593093808337,classical-favorable,c4_pairwise_statistics_natural.csv
C4,sample_complexity_natural,N=100,f1_macro,SVM_Linear,-0.0271797371460748,-0.1077047837649715,0.0533453094728217,0.48046875,-0.2414554661723024,inconclusive,c4_pairwise_statistics_natural.csv
C4,sample_complexity_natural,N=100,f1_macro,SVM_Poly2,0.0099648232195516,-0.0574052934473821,0.0773349398864853,0.556640625,0.1058096001543932,inconclusive,c4_pairwise_statistics_natural.csv
C4,sample_complexity_natural,N=100,f1_macro,SVM_RBF,-0.0306920037588035,-0.0866266981810749,0.0252426906634679,0.55078125,-0.3925244800871852,inconclusive,c4_pairwise_statistics_natural.csv
C4,sample_complexity_natural,N=100,f1_macro,RandomForest,-0.0705447027024504,-0.11236818929862,-0.0287212161062808,0.00390625,-1.2066100740263768,classical-favorable,c4_pairwise_statistics_natural.csv
C4,sample_complexity_natural,N=100,f1_macro,XGBoost,-0.0812402167381356,-0.1231738828138027,-0.0393065506624686,0.00390625,-1.3858971925162042,classical-favorable,c4_pairwise_statistics_natural.csv
C4,sample_complexity_natural,N=200,f1_macro,QSVM_Z,-0.0189939333421725,-0.0568037907673772,0.0188159240830321,0.322265625,-0.3593624074025725,inconclusive,c4_pairwise_statistics_natural.csv
C4,sample_complexity_natural,N=200,f1_macro,SVM_Linear,-0.017977961776857,-0.0553210369980902,0.0193651134443762,0.55078125,-0.3443920736618589,inconclusive,c4_pairwise_statistics_natural.csv
C4,sample_complexity_natural,N=200,f1_macro,SVM_Poly2,-0.0009056410130383,-0.0286758278043595,0.0268645457782829,1.0,-0.0233292112104084,inconclusive,c4_pairwise_statistics_natural.csv
C4,sample_complexity_natural,N=200,f1_macro,SVM_RBF,-0.028353084389602,-0.0615668889535607,0.0048607201743567,0.111328125,-0.6106670099962006,inconclusive,c4_pairwise_statistics_natural.csv
C4,sample_complexity_natural,N=200,f1_macro,RandomForest,-0.0626658551944718,-0.0982580446311781,-0.0270736657577655,0.00390625,-1.259502519833505,classical-favorable,c4_pairwise_statistics_natural.csv
C4,sample_complexity_natural,N=200,f1_macro,XGBoost,-0.0641223197109955,-0.0982794142402869,-0.029965225181704,0.00390625,-1.3429228938890976,classical-favorable,c4_pairwise_statistics_natural.csv
C4,sample_complexity_natural,N=500,f1_macro,QSVM_Z,-0.012915172464658,-0.0381336765883772,0.012303331659061,0.275390625,-0.3663562981003961,inconclusive,c4_pairwise_statistics_natural.csv
C4,sample_complexity_natural,N=500,f1_macro,SVM_Linear,0.019808667999925,-0.0024043380542498,0.0420216740540999,0.12890625,0.6379266010762757,inconclusive,c4_pairwise_statistics_natural.csv
C4,sample_complexity_natural,N=500,f1_macro,SVM_Poly2,0.0239200043584573,-0.0002629271266108,0.0481029358435256,0.12890625,0.7075792411369275,inconclusive,c4_pairwise_statistics_natural.csv
C4,sample_complexity_natural,N=500,f1_macro,SVM_RBF,-0.029239215879948,-0.0551222470756354,-0.0033561846842606,0.111328125,-0.8081153573841476,inconclusive,c4_pairwise_statistics_natural.csv
C4,sample_complexity_natural,N=500,f1_macro,RandomForest,-0.0292784515008968,-0.052007464410148,-0.0065494385916456,0.02734375,-0.9214893124007528,classical-favorable,c4_pairwise_statistics_natural.csv
C4,sample_complexity_natural,N=500,f1_macro,XGBoost,-0.0293120838253928,-0.0534588985018311,-0.0051652691489545,0.02734375,-0.8683796133717921,classical-favorable,c4_pairwise_statistics_natural.csv
C4,sample_complexity_natural,N=1000,f1_macro,QSVM_Z,0.0051382325521682,-0.0191930298652725,0.029469494969609,0.76953125,0.1510677940837997,inconclusive,c4_pairwise_statistics_natural.csv
C4,sample_complexity_natural,N=1000,f1_macro,SVM_Linear,0.03114392243375,0.0180103893438605,0.0442774555236395,0.005859375,1.696346279368549,QSVM-favorable,c4_pairwise_statistics_natural.csv
C4,sample_complexity_natural,N=1000,f1_macro,SVM_Poly2,0.0293249377097512,-0.0108262942080049,0.0694761696275074,0.2109375,0.5224695658354885,inconclusive,c4_pairwise_statistics_natural.csv
C4,sample_complexity_natural,N=1000,f1_macro,SVM_RBF,-0.0028282628828999,-0.0292317010453533,0.0235751752795534,1.0,-0.0766270427636972,inconclusive,c4_pairwise_statistics_natural.csv
C4,sample_complexity_natural,N=1000,f1_macro,RandomForest,-0.0196307661489437,-0.0349804609397307,-0.0042810713581566,0.02734375,-0.914871880225964,classical-favorable,c4_pairwise_statistics_natural.csv
C4,sample_complexity_natural,N=1000,f1_macro,XGBoost,-0.0289413216440059,-0.0404540237831643,-0.0174286195048474,0.0078125,-1.798307126833323,classical-favorable,c4_pairwise_statistics_natural.csv
C4,sample_complexity_natural,N=2000,f1_macro,QSVM_Z,0.0165527461572554,-0.0047781097241142,0.037883602038625,0.130859375,0.555117025881464,inconclusive,c4_pairwise_statistics_natural.csv
C4,sample_complexity_natural,N=2000,f1_macro,SVM_Linear,0.0408062665068743,0.025142904027329,0.0564696289864195,0.005859375,1.86365121733552,QSVM-favorable,c4_pairwise_statistics_natural.csv
C4,sample_complexity_natural,N=2000,f1_macro,SVM_Poly2,0.0639666002663961,0.0319764508570623,0.0959567496757298,0.01171875,1.4304074878337498,QSVM-favorable,c4_pairwise_statistics_natural.csv
C4,sample_complexity_natural,N=2000,f1_macro,SVM_RBF,-0.0137741577729029,-0.0379434749653797,0.0103951594195739,0.16015625,-0.4076837921529159,inconclusive,c4_pairwise_statistics_natural.csv
C4,sample_complexity_natural,N=2000,f1_macro,RandomForest,-0.0058525161588791,-0.0254061642905882,0.0137011319728299,0.275390625,-0.2141103196374837,inconclusive,c4_pairwise_statistics_natural.csv
C4,sample_complexity_natural,N=2000,f1_macro,XGBoost,-0.012882820576485,-0.0295664486999785,0.0038008075470083,0.26171875,-0.5523867230528916,inconclusive,c4_pairwise_statistics_natural.csv
C4,sample_complexity_natural,N=5000,f1_macro,QSVM_Z,0.0223564648924022,0.0071575648762219,0.0375553649085824,0.005859375,1.0522374340804397,QSVM-favorable,c4_pairwise_statistics_natural.csv
C4,sample_complexity_natural,N=5000,f1_macro,SVM_Linear,0.048159371325641,0.0440430584412169,0.0522756842100652,0.005859375,8.369416959377412,QSVM-favorable,c4_pairwise_statistics_natural.csv
C4,sample_complexity_natural,N=5000,f1_macro,SVM_Poly2,0.0704313793154023,0.0644661697595073,0.0763965888712973,0.005859375,8.446236987688383,QSVM-favorable,c4_pairwise_statistics_natural.csv
C4,sample_complexity_natural,N=5000,f1_macro,SVM_RBF,0.0026050758638485,-0.006348120258398,0.0115582719860951,0.4921875,0.2081445535579205,inconclusive,c4_pairwise_statistics_natural.csv
C4,sample_complexity_natural,N=5000,f1_macro,RandomForest,0.0082391521415208,0.0004464171522557,0.0160318871307859,0.064453125,0.7563370744544926,inconclusive,c4_pairwise_statistics_natural.csv
C4,sample_complexity_natural,N=5000,f1_macro,XGBoost,0.0099569617346813,0.0041352214453617,0.0157787020240009,0.02734375,1.2234797475348087,QSVM-favorable,c4_pairwise_statistics_natural.csv
C4,sample_complexity_natural,N=10000,f1_macro,QSVM_Z,0.0068280951728869,-0.0079747757924826,0.0216309661382564,0.556640625,0.32997146620927,inconclusive,c4_pairwise_statistics_natural.csv
C4,sample_complexity_natural,N=10000,f1_macro,SVM_Linear,0.0520621877758751,0.0431732170116073,0.0609511585401428,0.005859375,4.189804033907385,QSVM-favorable,c4_pairwise_statistics_natural.csv
C4,sample_complexity_natural,N=10000,f1_macro,SVM_Poly2,0.0741204165172001,0.0630780164839836,0.0851628165504166,0.005859375,4.801723508431573,QSVM-favorable,c4_pairwise_statistics_natural.csv
C4,sample_complexity_natural,N=10000,f1_macro,SVM_RBF,0.0115318549925098,-0.0016699558075702,0.02473366579259,0.130859375,0.624868226977937,inconclusive,c4_pairwise_statistics_natural.csv
C4,sample_complexity_natural,N=10000,f1_macro,RandomForest,0.0127267239688668,0.0046509451270072,0.0208025028107263,0.0078125,1.1273401686437103,QSVM-favorable,c4_pairwise_statistics_natural.csv
C4,sample_complexity_natural,N=10000,f1_macro,XGBoost,0.014940213996021,0.004964136109832,0.0249162918822101,0.0078125,1.0713213530067978,QSVM-favorable,c4_pairwise_statistics_natural.csv
C4,sample_complexity_matched,N=100,f1_macro,QSVM_Z,-0.0224456372530875,-0.0777707360609807,0.0328794615548055,0.76953125,-0.2902234603079975,inconclusive,c4_pairwise_statistics_matched.csv
C4,sample_complexity_matched,N=100,f1_macro,SVM_Linear,0.0199500183423698,-0.0447357391221735,0.0846357758069132,1.0,0.2206263628168594,inconclusive,c4_pairwise_statistics_matched.csv
C4,sample_complexity_matched,N=100,f1_macro,SVM_Poly2,0.0032146719261671,-0.0658618929650945,0.0722912368174289,1.0,0.0332911424653749,inconclusive,c4_pairwise_statistics_matched.csv
C4,sample_complexity_matched,N=100,f1_macro,SVM_RBF,-0.0035673678728277,-0.0734244421338121,0.0662897063881566,1.0,-0.0365308921245571,inconclusive,c4_pairwise_statistics_matched.csv
C4,sample_complexity_matched,N=100,f1_macro,RandomForest,-0.0194142243637444,-0.0723949132627102,0.0335664645352214,1.0,-0.2621351243498004,inconclusive,c4_pairwise_statistics_matched.csv
C4,sample_complexity_matched,N=100,f1_macro,XGBoost,-0.0139139403258257,-0.0691158476171235,0.041287966965472,1.0,-0.1803095905512717,inconclusive,c4_pairwise_statistics_matched.csv
C4,sample_complexity_matched,N=200,f1_macro,QSVM_Z,-0.0129305323512569,-0.035270796341357,0.009409731638843,0.232421875,-0.4140481786360188,inconclusive,c4_pairwise_statistics_matched.csv
C4,sample_complexity_matched,N=200,f1_macro,SVM_Linear,0.0288423298919693,-0.0059714141060648,0.0636560738900036,0.31640625,0.5926555866461665,inconclusive,c4_pairwise_statistics_matched.csv
C4,sample_complexity_matched,N=200,f1_macro,SVM_Poly2,0.0311113822974237,-0.0057881742395571,0.0680109388344047,0.31640625,0.6031438930289247,inconclusive,c4_pairwise_statistics_matched.csv
C4,sample_complexity_matched,N=200,f1_macro,SVM_RBF,0.0119759706524993,-0.0237381298247376,0.0476900711297364,0.76953125,0.2398798569049168,inconclusive,c4_pairwise_statistics_matched.csv
C4,sample_complexity_matched,N=200,f1_macro,RandomForest,0.0032041839917622,-0.0201431501894081,0.0265515181729327,1.0,0.0981754545817223,inconclusive,c4_pairwise_statistics_matched.csv
C4,sample_complexity_matched,N=200,f1_macro,XGBoost,-0.0081685071178046,-0.0371252688837387,0.0207882546481295,1.0,-0.2017973565354415,inconclusive,c4_pairwise_statistics_matched.csv
C4,sample_complexity_matched,N=500,f1_macro,QSVM_Z,-0.0116340178221709,-0.0374050216196811,0.0141369859753392,0.232421875,-0.3229394966012082,inconclusive,c4_pairwise_statistics_matched.csv
C4,sample_complexity_matched,N=500,f1_macro,SVM_Linear,0.0202673510339058,0.0016163754755121,0.0389183265922995,0.146484375,0.7773528780006038,inconclusive,c4_pairwise_statistics_matched.csv
C4,sample_complexity_matched,N=500,f1_macro,SVM_Poly2,0.0049904143423937,-0.0251993086498517,0.0351801373346393,1.0,0.118249755534471,inconclusive,c4_pairwise_statistics_matched.csv
C4,sample_complexity_matched,N=500,f1_macro,SVM_RBF,-0.0012143240471885,-0.0266443348470514,0.0242156867526743,1.0,-0.0341594464933244,inconclusive,c4_pairwise_statistics_matched.csv
C4,sample_complexity_matched,N=500,f1_macro,RandomForest,-0.0150121810852495,-0.034003206444557,0.0039788442740579,0.3203125,-0.5654811791271842,inconclusive,c4_pairwise_statistics_matched.csv
C4,sample_complexity_matched,N=500,f1_macro,XGBoost,-0.0127775113633917,-0.0361987817432256,0.0106437590164421,0.3203125,-0.3902640995422288,inconclusive,c4_pairwise_statistics_matched.csv
C4,sample_complexity_matched,N=1000,f1_macro,QSVM_Z,-0.0214506994008509,-0.0417294951191892,-0.0011719036825126,0.064453125,-0.7566971021076441,inconclusive,c4_pairwise_statistics_matched.csv
C4,sample_complexity_matched,N=1000,f1_macro,SVM_Linear,0.034836391852669,0.0173283189501394,0.0523444647551986,0.029296875,1.4233693011014616,QSVM-favorable,c4_pairwise_statistics_matched.csv
C4,sample_complexity_matched,N=1000,f1_macro,SVM_Poly2,0.0166905597323665,-0.0275381148503997,0.0609192343151328,0.46484375,0.269953989842522,inconclusive,c4_pairwise_statistics_matched.csv
C4,sample_complexity_matched,N=1000,f1_macro,SVM_RBF,-0.0177282875664066,-0.049543659211186,0.0140870840783728,0.46484375,-0.3986140122221024,inconclusive,c4_pairwise_statistics_matched.csv
C4,sample_complexity_matched,N=1000,f1_macro,RandomForest,-0.0189957091128904,-0.0382795465477899,0.000288128322009,0.16796875,-0.7046684428651897,inconclusive,c4_pairwise_statistics_matched.csv
C4,sample_complexity_matched,N=1000,f1_macro,XGBoost,-0.0185453717151867,-0.038891050226208,0.0018003067958344,0.16796875,-0.6520578668863467,inconclusive,c4_pairwise_statistics_matched.csv
C4,sample_complexity_matched,N=2000,f1_macro,QSVM_Z,-0.0310158391189468,-0.0452537900920073,-0.0167778881458863,0.001953125,-1.5583277924045589,classical-favorable,c4_pairwise_statistics_matched.csv
C4,sample_complexity_matched,N=2000,f1_macro,SVM_Linear,0.0331252860172161,0.016883169116175,0.0493674029182573,0.017578125,1.4589478858602545,QSVM-favorable,c4_pairwise_statistics_matched.csv
C4,sample_complexity_matched,N=2000,f1_macro,SVM_Poly2,-0.0075449100065635,-0.0323411912725322,0.017251371259405,0.322265625,-0.2176658435283159,inconclusive,c4_pairwise_statistics_matched.csv
C4,sample_complexity_matched,N=2000,f1_macro,SVM_RBF,-0.0258479898639233,-0.0416576310713005,-0.010038348656546,0.017578125,-1.1695735413646855,classical-favorable,c4_pairwise_statistics_matched.csv
C4,sample_complexity_matched,N=2000,f1_macro,RandomForest,-0.0135674936579537,-0.0312382304949777,0.0041032431790701,0.38671875,-0.5492470616502603,inconclusive,c4_pairwise_statistics_matched.csv
C4,sample_complexity_matched,N=2000,f1_macro,XGBoost,-0.0143840532815308,-0.0290233868582618,0.0002552802952002,0.38671875,-0.70288253197184,inconclusive,c4_pairwise_statistics_matched.csv
