arm,test_split,n_train,comparison,baseline,baseline_family,metric,mean_delta,median_delta,ci_low,ci_high,raw_p,wilcoxon_p,effect_size_dz,positive_run_fraction,verdict_uncorrected,verdict,n_runs,holm_p
tuned_per_N,fixed_300,100,QSVM_ZZ_vs_QSVM_Z,QSVM_Z,entanglement,f1_macro,-0.0317179924762799,-0.019748028730531053,-0.08619661801103176,0.022760633058471966,0.322265625,0.322265625,-0.41648783791284677,0.4,inconclusive,inconclusive,10,0.322265625
tuned_per_N,fixed_300,100,QSVM_ZZ_vs_SVM_Linear,SVM_Linear,classical_kernel,f1_macro,0.004591647070324056,0.010673395043374001,-0.05490604639332734,0.06408934053397546,0.625,0.625,0.05520661811105278,0.6,inconclusive,inconclusive,10,1.0
tuned_per_N,fixed_300,100,QSVM_ZZ_vs_SVM_Poly2,SVM_Poly2,classical_kernel,f1_macro,-0.01801590367734517,-0.01278784949787426,-0.0800746597007186,0.044042852346028255,0.625,0.625,-0.20767095473259534,0.4,inconclusive,inconclusive,10,1.0
tuned_per_N,fixed_300,100,QSVM_ZZ_vs_SVM_RBF,SVM_RBF,classical_kernel,f1_macro,-0.021191204919472628,-0.0029086899995346416,-0.08349938497732302,0.04111697513837777,0.625,0.625,-0.24329509818629835,0.5,inconclusive,inconclusive,10,1.0
tuned_per_N,fixed_300,100,QSVM_ZZ_vs_RandomForest,RandomForest,strong_tabular,f1_macro,-0.023412461560448607,0.005695542966797584,-0.07614821109083128,0.02932328796993406,0.76953125,0.76953125,-0.31758847105018295,0.6,inconclusive,inconclusive,10,1.0
tuned_per_N,fixed_300,100,QSVM_ZZ_vs_XGBoost,XGBoost,strong_tabular,f1_macro,-0.022116432235118576,-0.015982541421155183,-0.07688965577896645,0.0326567913087293,0.556640625,0.556640625,-0.288848117952359,0.4,inconclusive,inconclusive,10,1.0
tuned_per_N,fixed_300,200,QSVM_ZZ_vs_QSVM_Z,QSVM_Z,entanglement,f1_macro,-0.02932897329024662,-0.01670154847871791,-0.05486788006856112,-0.003790066511932113,0.02734375,0.02734375,-0.8215184686770586,0.3,classical-favorable,classical-favorable,10,0.02734375
tuned_per_N,fixed_300,200,QSVM_ZZ_vs_SVM_Linear,SVM_Linear,classical_kernel,f1_macro,0.019553288326912232,0.016701211332236676,-0.0040512297493614235,0.04315780640318589,0.083984375,0.083984375,0.5925806150286127,0.7,inconclusive,inconclusive,10,0.251953125
tuned_per_N,fixed_300,200,QSVM_ZZ_vs_SVM_Poly2,SVM_Poly2,classical_kernel,f1_macro,0.005800593767970885,0.0068389474837914355,-0.0281330698071573,0.03973425734309907,0.845703125,0.845703125,0.12228254698940791,0.6,inconclusive,inconclusive,10,0.86328125
tuned_per_N,fixed_300,200,QSVM_ZZ_vs_SVM_RBF,SVM_RBF,classical_kernel,f1_macro,-0.009816840657962178,-0.015286428504770688,-0.046552289820531764,0.026918608504607408,0.431640625,0.431640625,-0.19116534354620726,0.4,inconclusive,inconclusive,10,0.86328125
tuned_per_N,fixed_300,200,QSVM_ZZ_vs_RandomForest,RandomForest,strong_tabular,f1_macro,-0.006105477782537038,0.0015715535175981898,-0.02239764441659014,0.01018668885151606,0.921875,0.921875,-0.268079488387959,0.6,inconclusive,inconclusive,10,0.921875
tuned_per_N,fixed_300,200,QSVM_ZZ_vs_XGBoost,XGBoost,strong_tabular,f1_macro,-0.013800817085793383,-0.006741850309761821,-0.035572634583240795,0.007971000411654033,0.275390625,0.275390625,-0.4534536361751938,0.4,inconclusive,inconclusive,10,0.55078125
tuned_per_N,fixed_300,500,QSVM_ZZ_vs_QSVM_Z,QSVM_Z,entanglement,f1_macro,-0.013152607530997396,-0.020017670168425206,-0.03988757248406345,0.013582357422068661,0.322265625,0.322265625,-0.35192896812612895,0.4,inconclusive,inconclusive,10,0.322265625
tuned_per_N,fixed_300,500,QSVM_ZZ_vs_SVM_Linear,SVM_Linear,classical_kernel,f1_macro,0.017992417046644525,0.015715070643784412,0.005564442671893814,0.030420391421395236,0.009765625,0.009765625,1.0356474354799792,0.9,QSVM-favorable,QSVM-favorable,10,0.029296875
tuned_per_N,fixed_300,500,QSVM_ZZ_vs_SVM_Poly2,SVM_Poly2,classical_kernel,f1_macro,-0.0028722482506463145,-0.0009809890017629663,-0.027913627622854854,0.022169131121562227,0.845703125,0.845703125,-0.08205149529591539,0.5,inconclusive,inconclusive,10,1.0
tuned_per_N,fixed_300,500,QSVM_ZZ_vs_SVM_RBF,SVM_RBF,classical_kernel,f1_macro,-0.003363959769072178,-0.0034472716366342193,-0.02625814423543927,0.019530224697294915,0.76953125,0.76953125,-0.10511105367166301,0.5,inconclusive,inconclusive,10,1.0
tuned_per_N,fixed_300,500,QSVM_ZZ_vs_RandomForest,RandomForest,strong_tabular,f1_macro,-0.013866734035998784,-0.013390206685576389,-0.028445401578394574,0.0007119335063970056,0.10546875,0.10546875,-0.6804232229772109,0.2,inconclusive,inconclusive,10,0.2109375
tuned_per_N,fixed_300,500,QSVM_ZZ_vs_XGBoost,XGBoost,strong_tabular,f1_macro,-0.014476740475828387,-0.008354759242628573,-0.031126586797547644,0.0021731058458908676,0.130859375,0.130859375,-0.6219899016016578,0.4,inconclusive,inconclusive,10,0.2109375
tuned_per_N,fixed_300,1000,QSVM_ZZ_vs_QSVM_Z,QSVM_Z,entanglement,f1_macro,-0.015655425620976004,-0.0134626918503723,-0.030148703552478912,-0.0011621476894730955,0.037109375,0.037109375,-0.7727180067065712,0.2,classical-favorable,classical-favorable,10,0.037109375
tuned_per_N,fixed_300,1000,QSVM_ZZ_vs_SVM_Linear,SVM_Linear,classical_kernel,f1_macro,0.04205324168696176,0.04358790366515919,0.02778808637737038,0.056318396996553145,0.00390625,0.00390625,2.1088502863333534,0.9,QSVM-favorable,QSVM-favorable,10,0.01171875
tuned_per_N,fixed_300,1000,QSVM_ZZ_vs_SVM_Poly2,SVM_Poly2,classical_kernel,f1_macro,0.017709408782845538,0.023736495172245742,-0.012185415919049158,0.04760423348474023,0.232421875,0.232421875,0.4237706024301652,0.7,inconclusive,inconclusive,10,0.46484375
tuned_per_N,fixed_300,1000,QSVM_ZZ_vs_SVM_RBF,SVM_RBF,classical_kernel,f1_macro,-0.009692116314982546,-0.0066741615877270455,-0.03189244200326685,0.012508209373301762,0.431640625,0.431640625,-0.3123072353417144,0.5,inconclusive,inconclusive,10,0.46484375
tuned_per_N,fixed_300,1000,QSVM_ZZ_vs_RandomForest,RandomForest,strong_tabular,f1_macro,-0.010483879400202668,-0.0017786153234919944,-0.029863886214283528,0.008896127413878192,0.375,0.375,-0.3869820894412445,0.5,inconclusive,inconclusive,10,0.375
tuned_per_N,fixed_300,1000,QSVM_ZZ_vs_XGBoost,XGBoost,strong_tabular,f1_macro,-0.011159540632540455,-0.010116115888369803,-0.0271264659995741,0.004807384734493192,0.16015625,0.16015625,-0.4999744331134902,0.4,inconclusive,inconclusive,10,0.3203125
tuned_per_N,fixed_300,2000,QSVM_ZZ_vs_QSVM_Z,QSVM_Z,entanglement,f1_macro,-0.020130082273557327,-0.02329448460465633,-0.03536790655639181,-0.004892257990722845,0.037109375,0.037109375,-0.9450294940314289,0.2,classical-favorable,classical-favorable,10,0.037109375
tuned_per_N,fixed_300,2000,QSVM_ZZ_vs_SVM_Linear,SVM_Linear,classical_kernel,f1_macro,0.053318901948939935,0.05580453797106627,0.035740452599630185,0.07089735129824969,0.001953125,0.001953125,2.169818507310182,1.0,QSVM-favorable,QSVM-favorable,10,0.005859375
tuned_per_N,fixed_300,2000,QSVM_ZZ_vs_SVM_Poly2,SVM_Poly2,classical_kernel,f1_macro,0.009318499269660552,0.009460259569444074,-0.008661713022681754,0.027298711562002857,0.275390625,0.275390625,0.3707438320221232,0.7,inconclusive,inconclusive,10,0.55078125
tuned_per_N,fixed_300,2000,QSVM_ZZ_vs_SVM_RBF,SVM_RBF,classical_kernel,f1_macro,-0.011260536848949588,-0.003417085345958637,-0.027222308097027914,0.004701234399128741,0.275390625,0.275390625,-0.5046622128983981,0.4,inconclusive,inconclusive,10,0.55078125
tuned_per_N,fixed_300,2000,QSVM_ZZ_vs_RandomForest,RandomForest,strong_tabular,f1_macro,0.003558169094137886,0.014814429658574935,-0.014147133577776803,0.021263471766052575,0.431640625,0.431640625,0.14376262757374597,0.6,inconclusive,inconclusive,10,0.86328125
tuned_per_N,fixed_300,2000,QSVM_ZZ_vs_XGBoost,XGBoost,strong_tabular,f1_macro,-0.0047577387689242915,-0.00020629011513378925,-0.022334252436716516,0.012818774898867935,0.6953125,0.6953125,-0.19363801886326348,0.5,inconclusive,inconclusive,10,0.86328125
tuned_per_N,full_kddtest_plus,100,QSVM_ZZ_vs_QSVM_Z,QSVM_Z,entanglement,f1_macro,-0.02244563725308759,0.0021164222289765666,-0.07777073606098076,0.032879461554805575,0.76953125,0.76953125,-0.29022346030799756,0.5,inconclusive,inconclusive,10,0.76953125
tuned_per_N,full_kddtest_plus,100,QSVM_ZZ_vs_SVM_Linear,SVM_Linear,classical_kernel,f1_macro,0.01995001834236988,0.03745417024785669,-0.04473573912217352,0.08463577580691328,0.375,0.375,0.22062636281685943,0.6,inconclusive,inconclusive,10,1.0
tuned_per_N,full_kddtest_plus,100,QSVM_ZZ_vs_SVM_Poly2,SVM_Poly2,classical_kernel,f1_macro,0.0032146719261671786,0.018839955333232294,-0.06586189296509458,0.07229123681742892,0.625,0.625,0.03329114246537491,0.6,inconclusive,inconclusive,10,1.0
tuned_per_N,full_kddtest_plus,100,QSVM_ZZ_vs_SVM_RBF,SVM_RBF,classical_kernel,f1_macro,-0.003567367872827731,0.01573719916764016,-0.0734244421338121,0.06628970638815665,0.76953125,0.76953125,-0.03653089212455714,0.5,inconclusive,inconclusive,10,1.0
tuned_per_N,full_kddtest_plus,100,QSVM_ZZ_vs_RandomForest,RandomForest,strong_tabular,f1_macro,-0.019414224363744424,0.010854473674056231,-0.07239491326271028,0.03356646453522143,1.0,1.0,-0.2621351243498004,0.6,inconclusive,inconclusive,10,1.0
tuned_per_N,full_kddtest_plus,100,QSVM_ZZ_vs_XGBoost,XGBoost,strong_tabular,f1_macro,-0.013913940325825758,-0.003584003243568057,-0.06911584761712358,0.04128796696547207,0.76953125,0.76953125,-0.18030959055127177,0.4,inconclusive,inconclusive,10,1.0
tuned_per_N,full_kddtest_plus,200,QSVM_ZZ_vs_QSVM_Z,QSVM_Z,entanglement,f1_macro,-0.012930532351256973,-0.008570415548919685,-0.03527079634135704,0.009409731638843094,0.232421875,0.232421875,-0.41404817863601884,0.3,inconclusive,inconclusive,10,0.232421875
tuned_per_N,full_kddtest_plus,200,QSVM_ZZ_vs_SVM_Linear,SVM_Linear,classical_kernel,f1_macro,0.028842329891969377,0.029383590211148225,-0.005971414106064849,0.0636560738900036,0.10546875,0.10546875,0.5926555866461665,0.8,inconclusive,inconclusive,10,0.31640625
tuned_per_N,full_kddtest_plus,200,QSVM_ZZ_vs_SVM_Poly2,SVM_Poly2,classical_kernel,f1_macro,0.031111382297423773,0.03292640974810679,-0.005788174239557152,0.0680109388344047,0.10546875,0.10546875,0.6031438930289247,0.6,inconclusive,inconclusive,10,0.31640625
tuned_per_N,full_kddtest_plus,200,QSVM_ZZ_vs_SVM_RBF,SVM_RBF,classical_kernel,f1_macro,0.01197597065249938,0.0018530583275180867,-0.02373812982473764,0.0476900711297364,0.76953125,0.76953125,0.2398798569049168,0.5,inconclusive,inconclusive,10,0.76953125
tuned_per_N,full_kddtest_plus,200,QSVM_ZZ_vs_RandomForest,RandomForest,strong_tabular,f1_macro,0.003204183991762277,0.003076344812477705,-0.020143150189408196,0.026551518172932748,0.625,0.625,0.09817545458172239,0.7,inconclusive,inconclusive,10,1.0
tuned_per_N,full_kddtest_plus,200,QSVM_ZZ_vs_XGBoost,XGBoost,strong_tabular,f1_macro,-0.008168507117804613,-0.005156264169626168,-0.03712526888373878,0.020788254648129556,0.76953125,0.76953125,-0.20179735653544156,0.4,inconclusive,inconclusive,10,1.0
tuned_per_N,full_kddtest_plus,500,QSVM_ZZ_vs_QSVM_Z,QSVM_Z,entanglement,f1_macro,-0.01163401782217095,-0.025434794795350324,-0.03740502161968118,0.014136985975339283,0.232421875,0.232421875,-0.32293949660120824,0.3,inconclusive,inconclusive,10,0.232421875
tuned_per_N,full_kddtest_plus,500,QSVM_ZZ_vs_SVM_Linear,SVM_Linear,classical_kernel,f1_macro,0.020267351033905846,0.0281540502213124,0.001616375475512178,0.03891832659229952,0.048828125,0.048828125,0.7773528780006038,0.7,QSVM-favorable,inconclusive,10,0.146484375
tuned_per_N,full_kddtest_plus,500,QSVM_ZZ_vs_SVM_Poly2,SVM_Poly2,classical_kernel,f1_macro,0.004990414342393767,0.001319799029296187,-0.02519930864985178,0.035180137334639316,0.76953125,0.76953125,0.118249755534471,0.5,inconclusive,inconclusive,10,1.0
tuned_per_N,full_kddtest_plus,500,QSVM_ZZ_vs_SVM_RBF,SVM_RBF,classical_kernel,f1_macro,-0.0012143240471885531,0.006677073716767401,-0.02664433484705141,0.0242156867526743,1.0,1.0,-0.034159446493324475,0.6,inconclusive,inconclusive,10,1.0
tuned_per_N,full_kddtest_plus,500,QSVM_ZZ_vs_RandomForest,RandomForest,strong_tabular,f1_macro,-0.015012181085249543,-0.014838949796341372,-0.034003206444557024,0.003978844274057935,0.16015625,0.16015625,-0.5654811791271842,0.3,inconclusive,inconclusive,10,0.3203125
tuned_per_N,full_kddtest_plus,500,QSVM_ZZ_vs_XGBoost,XGBoost,strong_tabular,f1_macro,-0.01277751136339177,-0.015487765395472142,-0.036198781743225654,0.010643759016442114,0.275390625,0.275390625,-0.3902640995422288,0.3,inconclusive,inconclusive,10,0.3203125
tuned_per_N,full_kddtest_plus,1000,QSVM_ZZ_vs_QSVM_Z,QSVM_Z,entanglement,f1_macro,-0.021450699400850915,-0.017988530458524887,-0.041729495119189226,-0.001171903682512604,0.064453125,0.064453125,-0.7566971021076441,0.2,inconclusive,inconclusive,10,0.064453125
tuned_per_N,full_kddtest_plus,1000,QSVM_ZZ_vs_SVM_Linear,SVM_Linear,classical_kernel,f1_macro,0.034836391852669055,0.043678966021120036,0.01732831895013945,0.05234446475519866,0.009765625,0.009765625,1.4233693011014616,0.8,QSVM-favorable,QSVM-favorable,10,0.029296875
tuned_per_N,full_kddtest_plus,1000,QSVM_ZZ_vs_SVM_Poly2,SVM_Poly2,classical_kernel,f1_macro,0.01669055973236655,0.02351176778142894,-0.027538114850399732,0.06091923431513283,0.322265625,0.322265625,0.269953989842522,0.6,inconclusive,inconclusive,10,0.46484375
tuned_per_N,full_kddtest_plus,1000,QSVM_ZZ_vs_SVM_RBF,SVM_RBF,classical_kernel,f1_macro,-0.01772828756640662,-0.015791559323309334,-0.04954365921118606,0.014087084078372822,0.232421875,0.232421875,-0.3986140122221024,0.3,inconclusive,inconclusive,10,0.46484375
tuned_per_N,full_kddtest_plus,1000,QSVM_ZZ_vs_RandomForest,RandomForest,strong_tabular,f1_macro,-0.018995709112890436,-0.012376711658474315,-0.03827954654778991,0.00028812832200903263,0.083984375,0.083984375,-0.7046684428651897,0.3,inconclusive,inconclusive,10,0.16796875
tuned_per_N,full_kddtest_plus,1000,QSVM_ZZ_vs_XGBoost,XGBoost,strong_tabular,f1_macro,-0.018545371715186797,-0.012975298574618321,-0.03889105022620805,0.0018003067958344589,0.10546875,0.10546875,-0.6520578668863467,0.4,inconclusive,inconclusive,10,0.16796875
tuned_per_N,full_kddtest_plus,2000,QSVM_ZZ_vs_QSVM_Z,QSVM_Z,entanglement,f1_macro,-0.031015839118946842,-0.02473958332203524,-0.04525379009200735,-0.016777888145886335,0.001953125,0.001953125,-1.5583277924045587,0.0,classical-favorable,classical-favorable,10,0.001953125
tuned_per_N,full_kddtest_plus,2000,QSVM_ZZ_vs_SVM_Linear,SVM_Linear,classical_kernel,f1_macro,0.03312528601721619,0.036764571345135055,0.01688316911617504,0.04936740291825734,0.005859375,0.005859375,1.4589478858602543,0.9,QSVM-favorable,QSVM-favorable,10,0.017578125
tuned_per_N,full_kddtest_plus,2000,QSVM_ZZ_vs_SVM_Poly2,SVM_Poly2,classical_kernel,f1_macro,-0.007544910006563599,-0.009778218435036679,-0.032341191272532245,0.017251371259405048,0.322265625,0.322265625,-0.21766584352831594,0.3,inconclusive,inconclusive,10,0.322265625
tuned_per_N,full_kddtest_plus,2000,QSVM_ZZ_vs_SVM_RBF,SVM_RBF,classical_kernel,f1_macro,-0.025847989863923303,-0.021804886162065218,-0.04165763107130055,-0.010038348656546053,0.005859375,0.005859375,-1.1695735413646857,0.1,classical-favorable,classical-favorable,10,0.017578125
tuned_per_N,full_kddtest_plus,2000,QSVM_ZZ_vs_RandomForest,RandomForest,strong_tabular,f1_macro,-0.013567493657953778,-0.011977861497818265,-0.03123823049497775,0.004103243179070192,0.193359375,0.193359375,-0.5492470616502603,0.4,inconclusive,inconclusive,10,0.38671875
tuned_per_N,full_kddtest_plus,2000,QSVM_ZZ_vs_XGBoost,XGBoost,strong_tabular,f1_macro,-0.014384053281530817,-0.011009436318073218,-0.029023386858261835,0.0002552802952002012,0.193359375,0.193359375,-0.70288253197184,0.4,inconclusive,inconclusive,10,0.38671875
frozen_c2,fixed_300,100,QSVM_ZZ_vs_QSVM_Z,QSVM_Z,entanglement,f1_macro,-0.04609499561026335,-0.029878176618696295,-0.09724574109136742,0.005055749870840717,0.10546875,0.10546875,-0.6446508869097644,0.3,inconclusive,inconclusive,10,0.10546875
frozen_c2,fixed_300,100,QSVM_ZZ_vs_SVM_Linear,SVM_Linear,classical_kernel,f1_macro,-0.013732126397530986,0.013951148797082813,-0.07893989604376819,0.05147564324870622,0.6953125,0.6953125,-0.15064725423717523,0.6,inconclusive,inconclusive,10,1.0
frozen_c2,fixed_300,100,QSVM_ZZ_vs_SVM_Poly2,SVM_Poly2,classical_kernel,f1_macro,0.015780222727590353,-0.0010904520161747477,-0.04916300473113198,0.08072345018631269,0.76953125,0.76953125,0.17382091632436839,0.5,inconclusive,inconclusive,10,1.0
frozen_c2,fixed_300,100,QSVM_ZZ_vs_SVM_RBF,SVM_RBF,classical_kernel,f1_macro,-0.056578692208101265,-0.034644483656138814,-0.10866418142655217,-0.004493202989650363,0.02734375,0.02734375,-0.777067832311274,0.2,classical-favorable,inconclusive,10,0.08203125
frozen_c2,fixed_300,100,QSVM_ZZ_vs_RandomForest,RandomForest,strong_tabular,f1_macro,-0.043369158706348145,-0.023336678338822414,-0.10177094316990164,0.015032625757205348,0.16015625,0.16015625,-0.5312239595364621,0.4,inconclusive,inconclusive,10,0.3203125
frozen_c2,fixed_300,100,QSVM_ZZ_vs_XGBoost,XGBoost,strong_tabular,f1_macro,-0.03412924115885666,-0.01160151357944672,-0.0890709888440451,0.020812506526331778,0.431640625,0.431640625,-0.4443722558375807,0.4,inconclusive,inconclusive,10,0.431640625
frozen_c2,fixed_300,200,QSVM_ZZ_vs_QSVM_Z,QSVM_Z,entanglement,f1_macro,-0.03813679225289597,-0.03138246502666597,-0.06395732258391347,-0.012316261921878471,0.005859375,0.005859375,-1.0565785194932753,0.1,classical-favorable,classical-favorable,10,0.005859375
frozen_c2,fixed_300,200,QSVM_ZZ_vs_SVM_Linear,SVM_Linear,classical_kernel,f1_macro,0.008122813429306708,-0.0029244931596001944,-0.020950258896933117,0.03719588575554653,0.921875,0.921875,0.1998657251411771,0.5,inconclusive,inconclusive,10,0.921875
frozen_c2,fixed_300,200,QSVM_ZZ_vs_SVM_Poly2,SVM_Poly2,classical_kernel,f1_macro,0.037610828841615415,0.007348023094151446,-0.01921178085254506,0.09443343853577589,0.193359375,0.193359375,0.4734940245783048,0.6,inconclusive,inconclusive,10,0.38671875
frozen_c2,fixed_300,200,QSVM_ZZ_vs_SVM_RBF,SVM_RBF,classical_kernel,f1_macro,-0.03451488032475649,-0.027848671777556233,-0.05696291918968908,-0.012066841459823903,0.005859375,0.005859375,-1.0998937656703722,0.1,classical-favorable,classical-favorable,10,0.017578125
frozen_c2,fixed_300,200,QSVM_ZZ_vs_RandomForest,RandomForest,strong_tabular,f1_macro,-0.017964499031614532,-0.015064085566541707,-0.03402345179883262,-0.0019055462643964467,0.048828125,0.048828125,-0.8002407523610254,0.3,classical-favorable,classical-favorable,10,0.048828125
frozen_c2,fixed_300,200,QSVM_ZZ_vs_XGBoost,XGBoost,strong_tabular,f1_macro,-0.024667431435865594,-0.02000255657708294,-0.03686925920202302,-0.012465603669708171,0.001953125,0.001953125,-1.4461782093947204,0.0,classical-favorable,classical-favorable,10,0.00390625
frozen_c2,fixed_300,500,QSVM_ZZ_vs_QSVM_Z,QSVM_Z,entanglement,f1_macro,-0.024262034482412285,-0.02664395389225671,-0.04935132820556029,0.0008272592407357164,0.083984375,0.083984375,-0.6917697290091088,0.2,inconclusive,inconclusive,10,0.083984375
frozen_c2,fixed_300,500,QSVM_ZZ_vs_SVM_Linear,SVM_Linear,classical_kernel,f1_macro,0.01412685267200824,0.013856876472874091,0.0018478386516314182,0.02640586669238506,0.037109375,0.037109375,0.8230092091906499,0.8,QSVM-favorable,inconclusive,10,0.111328125
frozen_c2,fixed_300,500,QSVM_ZZ_vs_SVM_Poly2,SVM_Poly2,classical_kernel,f1_macro,-0.010404563956860634,-0.00268956954546018,-0.03531277554488476,0.014503647631163491,0.42578125,0.42578125,-0.2988161817178518,0.4,inconclusive,inconclusive,10,0.8515625
frozen_c2,fixed_300,500,QSVM_ZZ_vs_SVM_RBF,SVM_RBF,classical_kernel,f1_macro,-0.011245545022995485,-0.011745913021753984,-0.03684191577980467,0.0143508257338137,0.4921875,0.4921875,-0.31428589506048726,0.4,inconclusive,inconclusive,10,0.8515625
frozen_c2,fixed_300,500,QSVM_ZZ_vs_RandomForest,RandomForest,strong_tabular,f1_macro,-0.020417811549727705,-0.018339133364482396,-0.030562868369441956,-0.010272754730013453,0.00390625,0.00390625,-1.4397181559912353,0.1,classical-favorable,classical-favorable,10,0.0078125
frozen_c2,fixed_300,500,QSVM_ZZ_vs_XGBoost,XGBoost,strong_tabular,f1_macro,-0.020381616659832735,-0.01666899824643714,-0.03694746465656172,-0.0038157686631037496,0.013671875,0.013671875,-0.8801318372193818,0.2,classical-favorable,classical-favorable,10,0.013671875
frozen_c2,fixed_300,1000,QSVM_ZZ_vs_QSVM_Z,QSVM_Z,entanglement,f1_macro,-0.018987682597725077,-0.011689609869736328,-0.03463255113174743,-0.0033428140637027266,0.01953125,0.01953125,-0.8682060731365835,0.2,classical-favorable,classical-favorable,10,0.01953125
frozen_c2,fixed_300,1000,QSVM_ZZ_vs_SVM_Linear,SVM_Linear,classical_kernel,f1_macro,0.03946240647609565,0.04019007747303821,0.029155375934353404,0.04976943701783789,0.001953125,0.001953125,2.738878562993441,1.0,QSVM-favorable,QSVM-favorable,10,0.005859375
frozen_c2,fixed_300,1000,QSVM_ZZ_vs_SVM_Poly2,SVM_Poly2,classical_kernel,f1_macro,0.015705693569554334,0.020558158350515443,-0.012694832259610465,0.04410621939871913,0.232421875,0.232421875,0.39559747680806073,0.6,inconclusive,inconclusive,10,0.46484375
frozen_c2,fixed_300,1000,QSVM_ZZ_vs_SVM_RBF,SVM_RBF,classical_kernel,f1_macro,-0.011939123863089107,-0.016782275352193843,-0.032537766232653885,0.008659518506475672,0.275390625,0.275390625,-0.41462609784998206,0.3,inconclusive,inconclusive,10,0.46484375
frozen_c2,fixed_300,1000,QSVM_ZZ_vs_RandomForest,RandomForest,strong_tabular,f1_macro,-0.014743551625075424,-0.013455115013848606,-0.030713660167267454,0.0012265569171166033,0.10546875,0.10546875,-0.6604151403021755,0.4,inconclusive,inconclusive,10,0.2109375
frozen_c2,fixed_300,1000,QSVM_ZZ_vs_XGBoost,XGBoost,strong_tabular,f1_macro,-0.014081321684264136,-0.018327417391665657,-0.03205390268810706,0.003891259319578788,0.130859375,0.130859375,-0.5604743531203983,0.4,inconclusive,inconclusive,10,0.2109375
frozen_c2,fixed_300,2000,QSVM_ZZ_vs_QSVM_Z,QSVM_Z,entanglement,f1_macro,-0.026621774428607848,-0.02658617235734051,-0.03940732938611407,-0.013836219471101627,0.005859375,0.005859375,-1.4894989110752177,0.1,classical-favorable,classical-favorable,10,0.005859375
frozen_c2,fixed_300,2000,QSVM_ZZ_vs_SVM_Linear,SVM_Linear,classical_kernel,f1_macro,0.055328509334310584,0.05760264898912354,0.03839838024288858,0.07225863842573259,0.001953125,0.001953125,2.33782217699777,1.0,QSVM-favorable,QSVM-favorable,10,0.005859375
frozen_c2,fixed_300,2000,QSVM_ZZ_vs_SVM_Poly2,SVM_Poly2,classical_kernel,f1_macro,0.012349254405290333,0.016530933152111404,-0.0011743570161849345,0.025872865826765602,0.064453125,0.064453125,0.6532370789939033,0.7,inconclusive,inconclusive,10,0.12890625
frozen_c2,fixed_300,2000,QSVM_ZZ_vs_SVM_RBF,SVM_RBF,classical_kernel,f1_macro,-0.003155439221174672,0.003572286235836608,-0.021027633532215956,0.014716755089866612,1.0,1.0,-0.12630039708350074,0.6,inconclusive,inconclusive,10,1.0
frozen_c2,fixed_300,2000,QSVM_ZZ_vs_RandomForest,RandomForest,strong_tabular,f1_macro,0.006902495245632567,0.013151337632812232,-0.010148654039037652,0.023953644530302787,0.42578125,0.42578125,0.2895844473564138,0.6,inconclusive,inconclusive,10,0.8515625
frozen_c2,fixed_300,2000,QSVM_ZZ_vs_XGBoost,XGBoost,strong_tabular,f1_macro,-0.0010584149845627943,-0.0033430255840016243,-0.013012927486129533,0.010896097517003944,0.76953125,0.76953125,-0.06333545332698419,0.4,inconclusive,inconclusive,10,0.8515625
frozen_c2,full_kddtest_plus,100,QSVM_ZZ_vs_QSVM_Z,QSVM_Z,entanglement,f1_macro,-0.0375088375297142,-0.029777316908823903,-0.08668798108259457,0.011670306023166162,0.130859375,0.130859375,-0.5456013265656223,0.4,inconclusive,inconclusive,10,0.130859375
frozen_c2,full_kddtest_plus,100,QSVM_ZZ_vs_SVM_Linear,SVM_Linear,classical_kernel,f1_macro,-0.0012050124426000286,0.039891181579376045,-0.06858821800936772,0.06617819312416766,0.625,0.625,-0.01279271244732294,0.6,inconclusive,inconclusive,10,1.0
frozen_c2,full_kddtest_plus,100,QSVM_ZZ_vs_SVM_Poly2,SVM_Poly2,classical_kernel,f1_macro,0.024589275927909993,-0.007338558009898299,-0.05084452765125272,0.1000230795070727,0.76953125,0.76953125,0.23318601890979815,0.4,inconclusive,inconclusive,10,1.0
frozen_c2,full_kddtest_plus,100,QSVM_ZZ_vs_SVM_RBF,SVM_RBF,classical_kernel,f1_macro,-0.041168910936721426,-0.026439691960171485,-0.09201336916969928,0.009675547296256429,0.16015625,0.16015625,-0.5792266408843991,0.4,inconclusive,inconclusive,10,0.48046875
frozen_c2,full_kddtest_plus,100,QSVM_ZZ_vs_RandomForest,RandomForest,strong_tabular,f1_macro,-0.03926515134137385,-0.023088920874459518,-0.0939792619719714,0.015448959289223692,0.193359375,0.193359375,-0.5133702595601951,0.3,inconclusive,inconclusive,10,0.38671875
frozen_c2,full_kddtest_plus,100,QSVM_ZZ_vs_XGBoost,XGBoost,strong_tabular,f1_macro,-0.027891876012202554,-0.005584085655430948,-0.08219506698547309,0.02641131496106798,0.4921875,0.4921875,-0.3674304542366183,0.5,inconclusive,inconclusive,10,0.4921875
frozen_c2,full_kddtest_plus,200,QSVM_ZZ_vs_QSVM_Z,QSVM_Z,entanglement,f1_macro,-0.022551380900418784,-0.022010021239401323,-0.04576503633909325,0.000662274538255684,0.064453125,0.064453125,-0.6949481140058955,0.3,inconclusive,inconclusive,10,0.064453125
frozen_c2,full_kddtest_plus,200,QSVM_ZZ_vs_SVM_Linear,SVM_Linear,classical_kernel,f1_macro,0.018300651759691956,0.010267906633398716,-0.015006010384135272,0.051607313903519185,0.375,0.375,0.39305942947771794,0.6,inconclusive,inconclusive,10,0.55078125
frozen_c2,full_kddtest_plus,200,QSVM_ZZ_vs_SVM_Poly2,SVM_Poly2,classical_kernel,f1_macro,0.055412822466738856,0.041976358543764414,0.0018503386363764099,0.10897530629710131,0.037109375,0.037109375,0.7400692125565269,0.8,QSVM-favorable,inconclusive,10,0.111328125
frozen_c2,full_kddtest_plus,200,QSVM_ZZ_vs_SVM_RBF,SVM_RBF,classical_kernel,f1_macro,-0.014636846829204065,-0.01042174453137018,-0.03779460285245965,0.008520909194051518,0.275390625,0.275390625,-0.45214093500212854,0.4,inconclusive,inconclusive,10,0.55078125
frozen_c2,full_kddtest_plus,200,QSVM_ZZ_vs_RandomForest,RandomForest,strong_tabular,f1_macro,-0.006253856075704412,-0.006227571292181822,-0.02402154996953243,0.011513837818123604,0.4921875,0.4921875,-0.2517906465203004,0.4,inconclusive,inconclusive,10,0.4921875
frozen_c2,full_kddtest_plus,200,QSVM_ZZ_vs_XGBoost,XGBoost,strong_tabular,f1_macro,-0.01693358406385087,-0.013753379470176519,-0.03642829223892216,0.0025611241112204162,0.083984375,0.083984375,-0.6213766420161463,0.2,inconclusive,inconclusive,10,0.16796875
frozen_c2,full_kddtest_plus,500,QSVM_ZZ_vs_QSVM_Z,QSVM_Z,entanglement,f1_macro,-0.012677422442083686,-0.019029662612029763,-0.03393268250550298,0.008577837621335602,0.232421875,0.232421875,-0.42666528975854656,0.4,inconclusive,inconclusive,10,0.232421875
frozen_c2,full_kddtest_plus,500,QSVM_ZZ_vs_SVM_Linear,SVM_Linear,classical_kernel,f1_macro,0.024686019723973208,0.02475799951693136,0.012731289691942645,0.036640749756003774,0.001953125,0.001953125,1.4771822235347263,1.0,QSVM-favorable,QSVM-favorable,10,0.005859375
frozen_c2,full_kddtest_plus,500,QSVM_ZZ_vs_SVM_Poly2,SVM_Poly2,classical_kernel,f1_macro,0.00208396928085578,-0.008582192184646453,-0.02854685197758453,0.03271479053929609,0.76953125,0.76953125,0.04866933877850622,0.5,inconclusive,inconclusive,10,1.0
frozen_c2,full_kddtest_plus,500,QSVM_ZZ_vs_SVM_RBF,SVM_RBF,classical_kernel,f1_macro,-0.0011821047077575809,0.00942109112878975,-0.026915610465613072,0.02455140105009791,0.845703125,0.845703125,-0.0328609235846803,0.6,inconclusive,inconclusive,10,1.0
frozen_c2,full_kddtest_plus,500,QSVM_ZZ_vs_RandomForest,RandomForest,strong_tabular,f1_macro,-0.01023938458154725,-0.013281969794898707,-0.02166937034575396,0.0011906011826594617,0.083984375,0.083984375,-0.6408419594219628,0.4,inconclusive,inconclusive,10,0.16796875
frozen_c2,full_kddtest_plus,500,QSVM_ZZ_vs_XGBoost,XGBoost,strong_tabular,f1_macro,-0.008973008566059804,-0.00866094078371149,-0.02736423012277448,0.009418212990654873,0.275390625,0.275390625,-0.349019972668496,0.4,inconclusive,inconclusive,10,0.275390625
frozen_c2,full_kddtest_plus,1000,QSVM_ZZ_vs_QSVM_Z,QSVM_Z,entanglement,f1_macro,-0.017816843250946245,-0.01804708067559102,-0.036354642630541376,0.000720956128648885,0.064453125,0.064453125,-0.687535861251703,0.2,inconclusive,inconclusive,10,0.064453125
frozen_c2,full_kddtest_plus,1000,QSVM_ZZ_vs_SVM_Linear,SVM_Linear,classical_kernel,f1_macro,0.03607695929393795,0.045488412092287045,0.018387260875319725,0.053766657712556176,0.00390625,0.00390625,1.4589226659838654,0.9,QSVM-favorable,QSVM-favorable,10,0.01171875
frozen_c2,full_kddtest_plus,1000,QSVM_ZZ_vs_SVM_Poly2,SVM_Poly2,classical_kernel,f1_macro,0.0198271954412766,0.026664797864502654,-0.024756717369176864,0.06441110825173006,0.322265625,0.322265625,0.31813091967158447,0.6,inconclusive,inconclusive,10,0.38671875
frozen_c2,full_kddtest_plus,1000,QSVM_ZZ_vs_SVM_RBF,SVM_RBF,classical_kernel,f1_macro,-0.020127487783939812,-0.022405791558606447,-0.04757937736147613,0.007324401793596513,0.193359375,0.193359375,-0.5244934905269175,0.4,inconclusive,inconclusive,10,0.38671875
frozen_c2,full_kddtest_plus,1000,QSVM_ZZ_vs_RandomForest,RandomForest,strong_tabular,f1_macro,-0.01777968836516578,-0.020874371211689113,-0.03698634899273882,0.0014269722624072542,0.083984375,0.083984375,-0.6622089651424624,0.3,inconclusive,inconclusive,10,0.16796875
frozen_c2,full_kddtest_plus,1000,QSVM_ZZ_vs_XGBoost,XGBoost,strong_tabular,f1_macro,-0.016978823358387463,-0.01951172914261562,-0.03670308105042949,0.0027454343336545672,0.083984375,0.083984375,-0.6157858376378296,0.4,inconclusive,inconclusive,10,0.16796875
frozen_c2,full_kddtest_plus,2000,QSVM_ZZ_vs_QSVM_Z,QSVM_Z,entanglement,f1_macro,-0.029997183172346543,-0.02634407971977626,-0.03999330134772127,-0.020001064996971817,0.001953125,0.001953125,-2.1467025264735513,0.0,classical-favorable,classical-favorable,10,0.001953125
frozen_c2,full_kddtest_plus,2000,QSVM_ZZ_vs_SVM_Linear,SVM_Linear,classical_kernel,f1_macro,0.034984288705775565,0.03729202602136178,0.022880320954469912,0.047088256457081215,0.001953125,0.001953125,2.067607336730429,1.0,QSVM-favorable,QSVM-favorable,10,0.005859375
frozen_c2,full_kddtest_plus,2000,QSVM_ZZ_vs_SVM_Poly2,SVM_Poly2,classical_kernel,f1_macro,-0.013421674780590753,-0.02300010864015256,-0.041496850730636206,0.014653501169454703,0.322265625,0.322265625,-0.34198495357862063,0.3,inconclusive,inconclusive,10,0.322265625
frozen_c2,full_kddtest_plus,2000,QSVM_ZZ_vs_SVM_RBF,SVM_RBF,classical_kernel,f1_macro,-0.02460480919107616,-0.01971181884546963,-0.03715602092075468,-0.01205359746139764,0.00390625,0.00390625,-1.4023522631928098,0.1,classical-favorable,classical-favorable,10,0.0078125
frozen_c2,full_kddtest_plus,2000,QSVM_ZZ_vs_RandomForest,RandomForest,strong_tabular,f1_macro,-0.01078025964223881,-0.00953617732427825,-0.02357639354556224,0.00201587426108462,0.16015625,0.16015625,-0.6026611820019699,0.4,inconclusive,inconclusive,10,0.16015625
frozen_c2,full_kddtest_plus,2000,QSVM_ZZ_vs_XGBoost,XGBoost,strong_tabular,f1_macro,-0.01808335307976161,-0.016277777752812916,-0.028057268166974743,-0.008109437992548476,0.00390625,0.00390625,-1.296988333628163,0.1,classical-favorable,classical-favorable,10,0.0078125
