regime,repr_mode,arm,n_train,run_id,n_rare_train,test_split,model,f1_macro,accuracy,precision_macro,recall_macro,n_rare,recall_rare,precision_rare,f1_rare,margin_signed_mean,margin_signed_std,margin_abs_mean,margin_abs_std,rare_margin_signed_mean,rare_margin_signed_std,rare_margin_abs_mean,rare_margin_abs_std
matched,frozen_c1,tuned_per_N,1000,1,100,fixed_300,QSVM_ZZ,0.8731924360400445,0.8733333333333333,0.876798360874794,0.8808698392688308,30,0.7,1.0,0.8235294117647058,0.9719391111662776,0.9313222804901432,1.2225973764082905,0.5632783336429859,0.18648228946150888,0.9345985250614843,0.7835685034597387,0.5424670014994216
matched,frozen_c1,tuned_per_N,1000,1,100,fixed_300,QSVM_Z,0.8197997775305895,0.82,0.8412567176519223,0.8344964206924497,30,0.5333333333333333,1.0,0.6956521739130435,0.7561963997769144,0.8974903395695167,1.0761944833847072,0.4681103914553666,-0.03710541000375729,0.749549993620392,0.6026998089113706,0.4471632193350368
matched,frozen_c1,tuned_per_N,1000,1,100,fixed_300,SVM_Linear,0.8227642095172276,0.8233333333333334,0.8233333333333334,0.8275404079059925,30,0.7,1.0,0.8235294117647058,0.7927650421634208,0.8667969281502974,1.0953344982590056,0.42432966388275833,0.32818381569528504,0.7097862360304149,0.7202306391798442,0.304579947023985
matched,frozen_c1,tuned_per_N,1000,1,100,fixed_300,SVM_Poly2,0.84622927438046,0.8466666666666667,0.8470598693275257,0.8515600378190986,30,0.8333333333333334,1.0,0.9090909090909091,0.7352512483339197,0.8176314393582758,0.9789245617175069,0.5008215962494632,0.26805847690257106,0.36264297860175326,0.35878906987959475,0.27319531530283087
matched,frozen_c1,tuned_per_N,1000,1,100,fixed_300,SVM_RBF,0.8532289628180039,0.8533333333333334,0.8580222133012178,0.8613749943721579,30,0.4666666666666667,1.0,0.6363636363636364,1.3663082564461462,1.2835254954938318,1.643426289507937,0.9018791383382636,-0.17742924035644944,0.8458133155470607,0.7541676056949639,0.4220337932091498
matched,frozen_c1,tuned_per_N,1000,1,100,fixed_300,RandomForest,0.8566523318998567,0.8566666666666667,0.8708144796380091,0.868961325469362,30,0.36666666666666664,1.0,0.5365853658536586,0.3370550891685235,0.2809716441152336,0.4205852166337124,0.12513701882493478,-0.11137621220043238,0.305352805751548,0.3056618091727714,0.11052535925156087
matched,frozen_c1,tuned_per_N,1000,1,100,fixed_300,XGBoost,0.8399359743897559,0.84,0.8570843384461335,0.8532258790689298,30,0.23333333333333334,1.0,0.3783783783783784,0.341794790327549,0.3211003947114133,0.45641953537861507,0.10775133365136474,-0.19209209382534026,0.35692411076543606,0.3736140618721644,0.15718373365995308
matched,frozen_c1,tuned_per_N,1000,1,100,full_kddtest_plus,QSVM_ZZ,0.7936126404442922,0.7936923349893541,0.8035461718430441,0.8064369119738419,2952,0.5121951219512195,1.0,0.6774193548387096,0.7859341707552558,1.0650905178043022,1.1791423610658172,0.6014429517564557,-0.13899395602282758,0.9893155960410732,0.8145603548453562,0.5784082439723582
matched,frozen_c1,tuned_per_N,1000,1,100,full_kddtest_plus,QSVM_Z,0.7710450062024368,0.771291696238467,0.7978375403712297,0.7910073740786916,2952,0.4515582655826558,1.0,0.6221703617269545,0.6365627853033401,0.9228558965343632,1.0112196453079474,0.48405579672663634,-0.018016886036724442,0.6523420766669514,0.534752142817327,0.3740520537637618
matched,frozen_c1,tuned_per_N,1000,1,100,full_kddtest_plus,SVM_Linear,0.7847806258997222,0.7851312987934705,0.7900979232439949,0.794783671868259,2952,0.5697831978319783,1.0,0.7259387138541217,0.7250086222614318,0.8979829628201623,1.0628109089792528,0.4499376352600339,0.12264119186577266,0.6437072133895213,0.5949865913631953,0.2745738418166705
matched,frozen_c1,tuned_per_N,1000,1,100,full_kddtest_plus,SVM_Poly2,0.796428420469879,0.7964868701206529,0.8070889248183206,0.8096681302291087,2952,0.6399051490514905,1.0,0.7804172691592646,0.6161933030548254,0.8706435932456361,0.9269625371811802,0.5276882676845467,0.12889220742887958,0.4111148489468073,0.35735941463475474,0.24067170363869303
matched,frozen_c1,tuned_per_N,1000,1,100,full_kddtest_plus,SVM_RBF,0.8168624555309105,0.8180890702625976,0.8165454387258803,0.822529984309339,2952,0.600609756097561,1.0,0.7504761904761905,1.2296362779098495,1.3414795830665194,1.5775659901596144,0.9071154250854883,0.24094486917845487,0.8046759881467838,0.7435922990322872,0.390676808504553
matched,frozen_c1,tuned_per_N,1000,1,100,full_kddtest_plus,RandomForest,0.8363469677677201,0.8365862313697658,0.8421960072286991,0.8475453261936529,2952,0.513550135501355,1.0,0.6786034019695614,0.3050072586759655,0.293462017535375,0.3955861150566917,0.1505357404582511,-0.04162970716628414,0.28313771406805444,0.24695361736355134,0.14461641856127752
matched,frozen_c1,tuned_per_N,1000,1,100,full_kddtest_plus,XGBoost,0.8195446709592014,0.8195528743789922,0.8334178241914225,0.8346256288543633,2952,0.3462059620596206,1.0,0.5143432310015098,0.31406663133345697,0.33939093337586523,0.44696923960436524,0.11850128025629979,-0.08916759522263273,0.38010433274959027,0.34465152222087714,0.18342707554674356
matched,frozen_c1,tuned_per_N,1000,2,100,fixed_300,QSVM_ZZ,0.8598442714126808,0.86,0.8634359271301947,0.8673630183242538,30,0.7,1.0,0.8235294117647058,0.9155067710173826,0.8499260698937671,1.1639474555535985,0.4536003668142728,0.26496496972435296,1.008549046794175,0.954878089386965,0.41902917485440755
matched,frozen_c1,tuned_per_N,1000,2,100,fixed_300,QSVM_Z,0.8330662393162394,0.8333333333333334,0.8576573248995798,0.8487686281572193,30,0.4666666666666667,1.0,0.6363636363636364,0.9634335513251794,0.9162384764063377,1.2114724218866049,0.547751517090239,-0.03385888801039779,0.9309820039159329,0.755691797621091,0.5447970474597224
matched,frozen_c1,tuned_per_N,1000,2,100,fixed_300,SVM_Linear,0.7833116644997833,0.7833333333333333,0.7961538461538462,0.7946738102741885,30,0.4,1.0,0.5714285714285714,0.8579828260661296,0.9196342087835968,1.1507673912063803,0.507539179892071,-0.11124950182963006,0.6192200406190174,0.5158775747560661,0.36011142473595276
matched,frozen_c1,tuned_per_N,1000,2,100,fixed_300,SVM_Poly2,0.8429406850459482,0.8433333333333334,0.8441500711237553,0.8485660258430507,30,0.8,1.0,0.8888888888888888,0.720026208262312,0.80368240115795,0.9500123022260122,0.5116832693520893,0.15063660728156975,0.36882205417274755,0.27826596463761427,0.2851125181780081
matched,frozen_c1,tuned_per_N,1000,2,100,fixed_300,SVM_RBF,0.8333333333333334,0.8333333333333334,0.8441763090360632,0.8441763090360632,30,0.4,1.0,0.5714285714285714,1.5968165430135717,1.6119415302280586,1.9712076727044776,1.1236186541646527,-0.1766199920288386,1.5216098716053292,1.2705871193728235,0.8556281873775102
matched,frozen_c1,tuned_per_N,1000,2,100,fixed_300,RandomForest,0.8566650740563784,0.8566666666666667,0.8687770562770563,0.8681959389491694,30,0.4,1.0,0.5714285714285714,0.3460450290109699,0.2839843903984515,0.43129866936952427,0.11989893199382923,-0.04693513619446768,0.3259418013962525,0.3080648638055324,0.11634863383601093
matched,frozen_c1,tuned_per_N,1000,2,100,fixed_300,XGBoost,0.856626840789108,0.8566666666666667,0.8635265700483092,0.8658997793885912,30,0.43333333333333335,1.0,0.6046511627906976,0.35540122936169305,0.3094246707140606,0.46343292941649755,0.08534389615403778,-0.03390578428904215,0.3819066460832601,0.35988205671310425,0.13223915375850515
matched,frozen_c1,tuned_per_N,1000,2,100,full_kddtest_plus,QSVM_ZZ,0.8065335902110023,0.806556068133428,0.8190138896269943,0.8208047650744801,2952,0.4834010840108401,1.0,0.6517469741950217,0.773127303521326,0.9598240314283821,1.124725374237815,0.5039651092121319,-0.14132533692480498,1.0931110741627748,0.9816640268016962,0.5011989722631958
matched,frozen_c1,tuned_per_N,1000,2,100,full_kddtest_plus,QSVM_Z,0.7549900302021363,0.7559882895670689,0.7953367050550346,0.7797825600595943,2952,0.2845528455284553,1.0,0.4430379746835443,0.7747203780216219,0.9971559565644981,1.1446144229873771,0.5332630575272372,-0.3218615687986832,0.8095516840108562,0.7598431781987299,0.42615389602726367
matched,frozen_c1,tuned_per_N,1000,2,100,full_kddtest_plus,SVM_Linear,0.7582970952979733,0.75847232079489,0.7822305344589505,0.7771043654083333,2952,0.30724932249322495,1.0,0.4700699663125162,0.7690870129942302,0.9557495694398208,1.1092706395924368,0.5238995334784872,-0.2570280003174334,0.5177414350160422,0.477937907873988,0.32510758634132875
matched,frozen_c1,tuned_per_N,1000,2,100,full_kddtest_plus,SVM_Poly2,0.7906306237641851,0.7906316536550745,0.8054013170906067,0.8057777347353637,2952,0.6148373983739838,1.0,0.7614852108244179,0.5931188581243599,0.8544711172343463,0.8983019213539756,0.5243706019050004,0.027254441564108625,0.38099851387788247,0.29710021154635413,0.2400711070937901
matched,frozen_c1,tuned_per_N,1000,2,100,full_kddtest_plus,SVM_RBF,0.7943517703901439,0.794623846699787,0.8004742085226997,0.8050254955288008,2952,0.5213414634146342,1.0,0.685370741482966,1.3354351765277246,1.6807351186013435,1.8157325760517646,1.1451518946724621,-0.001752387108708046,1.1427201796130824,0.9190018779217416,0.6791524336493587
matched,frozen_c1,tuned_per_N,1000,2,100,full_kddtest_plus,RandomForest,0.7956410303325736,0.7956440738112136,0.809999611803816,0.8106564326827598,2952,0.29132791327913277,1.0,0.45120671563483733,0.29950969305330394,0.3104010430707934,0.40590738628452866,0.14592483521314428,-0.06431455634034536,0.29533428371199494,0.25648667877249576,0.15991649353705556
matched,frozen_c1,tuned_per_N,1000,2,100,full_kddtest_plus,XGBoost,0.8097024862365978,0.8100159687721789,0.8150189242526737,0.8201235972066822,2952,0.4190379403794038,1.0,0.5905944139412748,0.3102565950312836,0.34339076718490696,0.4524643800311938,0.09722324079782743,-0.05129092592534011,0.37679975409335464,0.35669132917715607,0.13183364311481718
matched,frozen_c1,tuned_per_N,1000,3,100,fixed_300,QSVM_ZZ,0.8699291836666629,0.87,0.8754464285714285,0.8786412138129756,30,0.7333333333333333,1.0,0.8461538461538461,0.7765430381759768,0.6111222920599169,0.9217328348795638,0.35622763382004125,0.33154011395111915,0.5807766836370452,0.5976487519818626,0.300060614992517
matched,frozen_c1,tuned_per_N,1000,3,100,fixed_300,QSVM_Z,0.8023649214484306,0.8033333333333333,0.8394756838905775,0.8218225203727882,30,0.4,1.0,0.5714285714285714,0.6795393031146952,0.7109855977957728,0.9205709566081066,0.34615502105307294,-0.15021075330045897,0.6744389107037505,0.5720523827950138,0.38753991538537036
matched,frozen_c1,tuned_per_N,1000,3,100,fixed_300,SVM_Linear,0.8164198533584041,0.8166666666666667,0.8194444444444444,0.8230831569942821,30,0.6333333333333333,1.0,0.7755102040816326,0.8406390238239706,0.9242572559080986,1.1565990635411534,0.4724447583476967,0.08173494154917034,0.710258779093664,0.6234625861907922,0.34991790118534605
matched,frozen_c1,tuned_per_N,1000,3,100,fixed_300,SVM_Poly2,0.8264738598442714,0.8266666666666667,0.8300298427686963,0.8335959659628112,30,0.6666666666666666,1.0,0.8,0.7841783397644159,0.8719278651245972,1.032036697165137,0.5568609577272308,0.18607132817430522,0.4220115265078689,0.29914207777739377,0.35104171401284406
matched,frozen_c1,tuned_per_N,1000,3,100,fixed_300,SVM_RBF,0.82,0.82,0.8306694880914862,0.8306694880914862,30,0.4,1.0,0.5714285714285714,1.1006859497494912,0.9629231452150404,1.3103071713320242,0.6494810700263978,0.059118454657649505,0.9965482042732556,0.6752081209358595,0.7353212281334089
matched,frozen_c1,tuned_per_N,1000,3,100,fixed_300,RandomForest,0.8533333333333334,0.8533333333333334,0.8644365404529287,0.8644365404529287,30,0.43333333333333335,1.0,0.6046511627906976,0.33394843451358713,0.28509311801888904,0.4147579511837292,0.14413703474708753,-0.07078829865302379,0.3472536684004081,0.3215422509172845,0.14901904012164474
matched,frozen_c1,tuned_per_N,1000,3,100,fixed_300,XGBoost,0.8433176650998433,0.8433333333333334,0.857239819004525,0.855454504524785,30,0.36666666666666664,1.0,0.5365853658536586,0.34092430035273236,0.32353191400567705,0.46101349850495654,0.09148132130329813,-0.12556859950224558,0.414739751193202,0.4186393489440282,0.11188221447788162
matched,frozen_c1,tuned_per_N,1000,3,100,full_kddtest_plus,QSVM_ZZ,0.8148909885108725,0.8148953158268275,0.832451142876373,0.8315116377852791,2952,0.510840108401084,1.0,0.6762331838565022,0.6626018326764344,0.6885108850937519,0.8828273407781245,0.36565600491907196,-0.027871218232490204,0.7120517366892055,0.6277725357062568,0.3371885584369868
matched,frozen_c1,tuned_per_N,1000,3,100,full_kddtest_plus,QSVM_Z,0.7374317668209922,0.7397977288857346,0.7942543661759396,0.767665771450254,2952,0.2513550135501355,1.0,0.40173253925284247,0.5810980435070126,0.7515359603751676,0.882198030817527,0.35243136966845184,-0.28365620119107493,0.5364425003023201,0.5257727410931414,0.30297594183063575
matched,frozen_c1,tuned_per_N,1000,3,100,full_kddtest_plus,SVM_Linear,0.7803851339198672,0.7804293825408091,0.7915870296207864,0.793684974930803,2952,0.5030487804878049,1.0,0.6693711967545639,0.7612594584416126,0.966139334239778,1.1268912738394723,0.4930083500069243,-0.12254383845643559,0.6347069559229486,0.5627084806713685,0.3181651741173645
matched,frozen_c1,tuned_per_N,1000,3,100,full_kddtest_plus,SVM_Poly2,0.7796669254264772,0.7796753016323634,0.7968706490394497,0.795790855530007,2952,0.5365853658536586,1.0,0.6984126984126984,0.6494972861160585,0.9191941871682247,0.973938715243359,0.5640993328715201,0.009629022837879343,0.45855374095867235,0.3493898112124886,0.2971380339991956
matched,frozen_c1,tuned_per_N,1000,3,100,full_kddtest_plus,SVM_RBF,0.7759470246218625,0.7760823278921221,0.7845390974186897,0.787787385849235,2952,0.535230352303523,1.0,0.6972639011473963,0.958472568805419,0.9850310718827114,1.202665182943058,0.6652460713626225,0.18555761746545807,0.7243773481675083,0.5593842150423647,0.49622925336893065
matched,frozen_c1,tuned_per_N,1000,3,100,full_kddtest_plus,RandomForest,0.8039634702828221,0.80402767920511,0.8260725355398291,0.8223041360124876,2952,0.30420054200542007,1.0,0.4664935064935065,0.29399728801542707,0.3043472364807395,0.393347785469706,0.1560101451187305,-0.08366217500303035,0.29026229119831837,0.25559160341801124,0.16101083653017
matched,frozen_c1,tuned_per_N,1000,3,100,full_kddtest_plus,XGBoost,0.798452976411032,0.7984829666430092,0.818203319654514,0.8158180317912522,2952,0.3106368563685637,1.0,0.4740242956836392,0.29429191318020026,0.35862919227456996,0.45312151181028404,0.09951644713079162,-0.16644249205303385,0.38543630099390275,0.39989779569551875,0.12785146961436064
matched,frozen_c1,tuned_per_N,1000,4,100,fixed_300,QSVM_ZZ,0.8333036984352773,0.8333333333333334,0.8480892152862778,0.8457070820764486,30,0.43333333333333335,1.0,0.6046511627906976,0.9103343643062248,0.850722516545681,1.1429020445448304,0.49619791572504757,0.015026162520779922,0.6912453396141445,0.5822687869076464,0.37283906030816116
matched,frozen_c1,tuned_per_N,1000,4,100,fixed_300,QSVM_Z,0.8633318147979422,0.8633333333333333,0.8755411255411256,0.8749493494214577,30,0.7,1.0,0.8235294117647058,0.8984220503509899,0.8520544288243528,1.133478949527578,0.4983817825863311,0.1436920398388394,0.867939748008228,0.693498502147665,0.5413193475247104
matched,frozen_c1,tuned_per_N,1000,4,100,fixed_300,SVM_Linear,0.8227642095172276,0.8233333333333334,0.8233333333333334,0.8275404079059925,30,0.7,1.0,0.8235294117647058,0.793347933730995,0.888219198145644,1.1146632647148988,0.4193567624408286,0.31787089150092046,0.7490222135167965,0.746875034348459,0.32288366801710433
matched,frozen_c1,tuned_per_N,1000,4,100,fixed_300,SVM_Poly2,0.8461126722868995,0.8466666666666667,0.8463042801902307,0.850794651298906,30,0.8666666666666667,1.0,0.9285714285714286,0.7252084561651642,0.7792029179815148,0.9597583553667539,0.46037853076362284,0.29302259468197056,0.3394466568401677,0.3656319199006156,0.25961427731138137
matched,frozen_c1,tuned_per_N,1000,4,100,fixed_300,SVM_RBF,0.8165015180328963,0.8166666666666667,0.8366019061583578,0.8307370221962092,30,0.36666666666666664,1.0,0.5365853658536586,1.3789676907273571,1.3887309484523966,1.6680599590787157,1.0235729149297312,-0.007852939379501456,1.257071335731713,0.9989146619298012,0.7631903497535081
matched,frozen_c1,tuned_per_N,1000,4,100,fixed_300,RandomForest,0.8466053087901828,0.8466666666666667,0.8639115197305539,0.8599792895412183,30,0.36666666666666664,1.0,0.5365853658536586,0.3296382325263417,0.2784299561934465,0.406339703897837,0.1451642169585644,-0.06754593144110894,0.31008831881760196,0.28980409106505434,0.1293476212511519
matched,frozen_c1,tuned_per_N,1000,4,100,fixed_300,XGBoost,0.8533268145250901,0.8533333333333334,0.8663896291612088,0.8652019269731215,30,0.36666666666666664,1.0,0.5365853658536586,0.33584563960631686,0.2821444174555461,0.4193020956714948,0.12877701079539838,-0.08906831641991933,0.3257580041721537,0.3120872606833776,0.12904644121884692
matched,frozen_c1,tuned_per_N,1000,4,100,full_kddtest_plus,QSVM_ZZ,0.7999163962609956,0.8000354861603974,0.8243800983352078,0.8191232261865297,2952,0.3323170731707317,1.0,0.4988558352402746,0.7666737891122302,1.0016727031959083,1.1482386234444433,0.5221924615215283,-0.4459047778220674,1.026540490570955,0.9438857320468607,0.6014118177293878
matched,frozen_c1,tuned_per_N,1000,4,100,full_kddtest_plus,QSVM_Z,0.7830129999857406,0.7831352022711142,0.8066122132151263,0.8017985462079613,2952,0.4613821138211382,1.0,0.631432545201669,0.7287248221288882,0.9498838316202655,1.1010259479861346,0.4701712686049739,-0.17254677854865735,0.828030308912138,0.7290980814810615,0.4287453449838093
matched,frozen_c1,tuned_per_N,1000,4,100,full_kddtest_plus,SVM_Linear,0.7826858847381688,0.7830021291696239,0.7884237658529503,0.7929260193743983,2952,0.5616531165311653,1.0,0.7193058568329718,0.7223546380077103,0.9228400261244865,1.0859570171354098,0.4405987900608177,0.08995400086038396,0.6870555679968932,0.6295776052953027,0.28942894585192314
matched,frozen_c1,tuned_per_N,1000,4,100,full_kddtest_plus,SVM_Poly2,0.7995457719159431,0.7996362668559261,0.8091312099413396,0.8122715984671092,2952,0.6507452574525745,1.0,0.7884260209316643,0.61667243199939,0.8249098061470918,0.909531508419597,0.48323235804077486,0.15191354742536117,0.4039268795668038,0.36532382114413586,0.2297240858782119
matched,frozen_c1,tuned_per_N,1000,4,100,full_kddtest_plus,SVM_RBF,0.7590473358425855,0.7596699787083038,0.7932090363048534,0.781701185294519,2952,0.2842140921409214,1.0,0.44262727512529676,1.1848957931696242,1.4281975801811633,1.5381318178435615,1.0382084952665647,-0.13866231267198204,0.9188141253205042,0.7298456351930552,0.5751277967840464
matched,frozen_c1,tuned_per_N,1000,4,100,full_kddtest_plus,RandomForest,0.7905645314749983,0.790764726756565,0.8173707205232692,0.8105918530130769,2952,0.24254742547425473,1.0,0.3904034896401309,0.288926721391401,0.3053871527711162,0.3948108030425928,0.14444512180235242,-0.1316226962248444,0.2617618361039014,0.26810778395964324,0.11816094609570756
matched,frozen_c1,tuned_per_N,1000,4,100,full_kddtest_plus,XGBoost,0.7897690183215658,0.7899219304471257,0.8149057832243892,0.809175172618817,2952,0.24932249322493225,1.0,0.39913232104121477,0.29121199341833254,0.31512229287220467,0.4085560912336438,0.13110455709700178,-0.13572290196489836,0.27068571811253905,0.2761652428848634,0.12419429427400765
matched,frozen_c1,tuned_per_N,1000,5,100,fixed_300,QSVM_ZZ,0.8466053087901828,0.8466666666666667,0.8527190669824389,0.8553869704200621,30,0.6,1.0,0.75,0.8742652965195297,0.7226970078351228,1.0360533841905344,0.4617620154793612,0.30461562948151727,0.828950398810863,0.7541193882959594,0.45962309951659086
matched,frozen_c1,tuned_per_N,1000,5,100,fixed_300,QSVM_Z,0.8498648783905515,0.85,0.8709677419354839,0.8645040745576515,30,0.6,1.0,0.75,0.7925809288649649,0.7048788674616108,0.9750339927141888,0.41754934995308146,0.12087086364284011,0.6737792640109418,0.5816790152811752,0.36088472601429766
matched,frozen_c1,tuned_per_N,1000,5,100,fixed_300,SVM_Linear,0.786628733997155,0.7866666666666666,0.8004895960832313,0.7984332087704291,30,0.4,1.0,0.5714285714285714,0.8456281584214607,0.9192881751492946,1.1483762117304532,0.49133472054822686,-0.1538298611177736,0.6330442850499229,0.5399906908516303,0.3644430638652087
matched,frozen_c1,tuned_per_N,1000,5,100,fixed_300,SVM_Poly2,0.8495167816655705,0.85,0.85,0.8545540497951465,30,0.8333333333333334,1.0,0.9090909090909091,0.8570545128041298,0.9406369752640412,1.10645248389467,0.6285723968129079,0.2290934297672915,0.39529951919839046,0.32350736958565096,0.3226274806410524
matched,frozen_c1,tuned_per_N,1000,5,100,fixed_300,SVM_RBF,0.8399715504978662,0.84,0.8475213828310421,0.8493989464679663,30,0.43333333333333335,1.0,0.6046511627906976,1.2304170330454511,1.080425944914816,1.4739376041215446,0.7132701008803642,0.19819169816686513,0.7871018412663466,0.6569925435384771,0.47662359937583965
matched,frozen_c1,tuned_per_N,1000,5,100,fixed_300,RandomForest,0.8198719089130049,0.82,0.8388571428571429,0.833731034172257,30,0.36666666666666664,1.0,0.5365853658536586,0.3283507418069109,0.2890732059121302,0.4174968887672032,0.13066704210002986,-0.07964913164501022,0.2976809694070837,0.2921627595642459,0.09797380079771284
matched,frozen_c1,tuned_per_N,1000,5,100,fixed_300,XGBoost,0.8332666399893291,0.8333333333333334,0.8502571571617131,0.8464724685966413,30,0.3333333333333333,1.0,0.5,0.33108047405878704,0.31309120188093487,0.44235924422740935,0.10935574993933642,-0.11852903763453165,0.3516924518361511,0.3599251667658488,0.09050186611152075
matched,frozen_c1,tuned_per_N,1000,5,100,full_kddtest_plus,QSVM_ZZ,0.7977435838104393,0.7977732434350603,0.8097292610852522,0.8116623204179851,2952,0.45426829268292684,1.0,0.6247379454926625,0.7351652745177903,0.7870872258152688,0.9722313072039108,0.4634010867390891,0.03294307948512576,0.8566983425220066,0.7352258882205074,0.4409764051015456
matched,frozen_c1,tuned_per_N,1000,5,100,full_kddtest_plus,QSVM_Z,0.7770352223470134,0.7774574166075231,0.8087759384166435,0.7988030301057052,2952,0.4298780487804878,1.0,0.6012793176972282,0.6757231906473994,0.7558204415679487,0.9138148865205773,0.4390999014393595,0.027483114517108866,0.5600723646355867,0.44484527974270466,0.34139281231843904
matched,frozen_c1,tuned_per_N,1000,5,100,full_kddtest_plus,SVM_Linear,0.7541338506838968,0.7544357700496807,0.7811061580998784,0.7741350125780702,2952,0.28692411924119243,1.0,0.44590681758357464,0.7563369800534033,0.9594967719517525,1.1131314953088134,0.5036049611885293,-0.3159244916806847,0.5357214739035643,0.5146412334509202,0.3492136636462293
matched,frozen_c1,tuned_per_N,1000,5,100,full_kddtest_plus,SVM_Poly2,0.7954929157257926,0.7955110007097232,0.8082121248916554,0.809737885580569,2952,0.6300813008130082,1.0,0.773067331670823,0.7115767999141166,0.9805453481826755,1.0351371766438167,0.629525017412785,0.06722172870056345,0.43481181681838965,0.3504617090187365,0.26600125444453715
matched,frozen_c1,tuned_per_N,1000,5,100,full_kddtest_plus,SVM_RBF,0.8029428747162284,0.803584102200142,0.8054551971270276,0.8112424041152592,2952,0.5718157181571816,1.0,0.7275862068965517,1.068959103338302,1.1394581932021997,1.395518162400926,0.7025436620414349,0.37785074393456825,0.7553454820729909,0.7100966511031199,0.4572534615201066
matched,frozen_c1,tuned_per_N,1000,5,100,full_kddtest_plus,RandomForest,0.7735731423015645,0.7736426543647977,0.7945268101038132,0.7912435737390978,2952,0.3092818428184282,1.0,0.4724450194049159,0.28157308846335405,0.3144610389530512,0.3939626224406326,0.15153415880890933,-0.11130197881841433,0.24793618556362645,0.24138919112433654,0.12486689316658074
matched,frozen_c1,tuned_per_N,1000,5,100,full_kddtest_plus,XGBoost,0.7735454797553973,0.7736426543647977,0.7956710632053956,0.7916945080230811,2952,0.32113821138211385,1.0,0.48615384615384616,0.28125159841260855,0.34433380415389553,0.4272019199067244,0.12315335935632914,-0.1496008659806355,0.3062772194723332,0.32014798651623533,0.11701034569413189
matched,frozen_c1,tuned_per_N,1000,6,100,fixed_300,QSVM_ZZ,0.8199679943100995,0.82,0.8344893240854073,0.8322002611318716,30,0.5666666666666667,1.0,0.723404255319149,0.8663117004373665,0.9702083972116394,1.2011955123110432,0.4989284894035125,-0.030490508238491438,0.9845927490198586,0.7978166821898385,0.5777898356104247
matched,frozen_c1,tuned_per_N,1000,6,100,fixed_300,QSVM_Z,0.8097442116623461,0.81,0.8321514090992816,0.8247489982441133,30,0.5666666666666667,1.0,0.723404255319149,0.9732439762972421,1.10487482916407,1.28971548831133,0.7103423010979054,0.06800324200198356,0.5359920122905303,0.4241863283972952,0.334630896605281
matched,frozen_c1,tuned_per_N,1000,6,100,fixed_300,SVM_Linear,0.8230009684852668,0.8233333333333334,0.8250756093221847,0.829071180946378,30,0.7,1.0,0.8235294117647058,0.7845767761059921,0.8437749871221017,1.0731526107582428,0.41935715150756964,0.23384662464479106,0.6777863936416005,0.6540773496374286,0.29370301318632336
matched,frozen_c1,tuned_per_N,1000,6,100,fixed_300,SVM_Poly2,0.8463320119371075,0.8466666666666667,0.8479391756702681,0.8523254243392913,30,0.8333333333333334,1.0,0.9090909090909091,0.7041181686468112,0.7826051038605708,0.9390241480490005,0.4759062863505827,0.16985326004875623,0.34997323305678324,0.27416474443258293,0.2759802288491413
matched,frozen_c1,tuned_per_N,1000,6,100,fixed_300,SVM_RBF,0.8529149581030486,0.8533333333333334,0.853726832303658,0.8583134482913871,30,0.6,1.0,0.75,1.1901035918078295,1.070409430117408,1.4502905479811337,0.6773331778045082,0.24720343345735868,0.8549560486902145,0.7543180901395677,0.47229609525517574
matched,frozen_c1,tuned_per_N,1000,6,100,fixed_300,RandomForest,0.8366503316998366,0.8366666666666667,0.8504524886877829,0.8487010940524965,30,0.4,1.0,0.5714285714285714,0.3345832740201752,0.28176030356557424,0.41483295484679794,0.13873880312478792,-0.03445569243054812,0.3275220302641942,0.29181068031863255,0.15265779345066247
matched,frozen_c1,tuned_per_N,1000,6,100,fixed_300,XGBoost,0.8565885871196541,0.8566666666666667,0.8620535714285714,0.8651343928683985,30,0.4666666666666667,1.0,0.6363636363636364,0.34737501680850985,0.2848506124976726,0.4321602493524551,0.12266536847307603,-0.01354703704516093,0.35304891389451304,0.3283441285292307,0.13044995620995145
matched,frozen_c1,tuned_per_N,1000,6,100,full_kddtest_plus,QSVM_ZZ,0.7639265857064652,0.763972675656494,0.7833450576033688,0.7808834797317052,2952,0.393970189701897,1.0,0.5652490886998784,0.7260855167438576,1.051240019372144,1.144394104166389,0.5680386345170094,-0.17413607561935404,0.9790020649728645,0.7784330311886306,0.6187167623458433
matched,frozen_c1,tuned_per_N,1000,6,100,full_kddtest_plus,QSVM_Z,0.7418155153955606,0.7428140525195174,0.7803895319538532,0.7661189968841834,2952,0.3492547425474255,1.0,0.5177002259603314,0.7943994827722386,1.1199999333725248,1.188373803342493,0.6879230280435138,-0.1527518109983369,0.6375601016231197,0.5459349021683382,0.3630028671228391
matched,frozen_c1,tuned_per_N,1000,6,100,full_kddtest_plus,SVM_Linear,0.7839399168280454,0.7841554293825408,0.7910216899485562,0.7950287905523794,2952,0.5481029810298103,1.0,0.7080962800875273,0.7144435677168242,0.8759553514730443,1.0398528397760238,0.4432081461750763,0.03753238041173251,0.6094893046464402,0.5516862559054776,0.261778851519308
matched,frozen_c1,tuned_per_N,1000,6,100,full_kddtest_plus,SVM_Poly2,0.7968171434264006,0.7968417317246274,0.8091013122016397,0.8108691692524412,2952,0.6202574525745257,1.0,0.7656282667781728,0.5901700956838213,0.832347226668608,0.8955612201010107,0.488950660735378,0.023194877908940405,0.40653176880117287,0.3232346496817315,0.2476397436821264
matched,frozen_c1,tuned_per_N,1000,6,100,full_kddtest_plus,SVM_RBF,0.8179480788414351,0.8191980127750177,0.8175477036808976,0.8235165615357308,2952,0.6788617886178862,1.0,0.8087167070217918,1.0259088918491925,1.1467550852036419,1.3750289652434653,0.690529959203173,0.406982125132702,0.7505844534655781,0.7414331791720343,0.4234245065942698
matched,frozen_c1,tuned_per_N,1000,6,100,full_kddtest_plus,RandomForest,0.8023031388282698,0.8024751596877218,0.8099375068749661,0.8140010866363953,2952,0.47865853658536583,1.0,0.6474226804123712,0.2965226390529468,0.3084556256820517,0.4000688298089359,0.1517085360193647,-0.04476279181312507,0.2848984394743668,0.24572476201295543,0.15096413375206394
matched,frozen_c1,tuned_per_N,1000,6,100,full_kddtest_plus,XGBoost,0.8112743517440362,0.8115684882895671,0.8168130048728536,0.821863047560351,2952,0.4878048780487805,1.0,0.6557377049180327,0.30566550999737063,0.320592878814354,0.42467381029321716,0.12594980269721875,-0.04453182613179289,0.334539851856665,0.31092791817577553,0.13123957374888823
matched,frozen_c1,tuned_per_N,1000,7,100,fixed_300,QSVM_ZZ,0.8499583217560434,0.85,0.8568169618894257,0.8591463689163028,30,0.5333333333333333,1.0,0.6956521739130435,0.8477639487532261,0.7265516118348332,1.0123928029671083,0.47078845564208416,0.12579069137769253,0.6697417186624042,0.571734277019584,0.3708061275586506
matched,frozen_c1,tuned_per_N,1000,7,100,fixed_300,QSVM_Z,0.8732826463918901,0.8733333333333333,0.8795299164395192,0.8824006123092161,30,0.7,1.0,0.8235294117647058,0.818794397800631,0.7683341963433266,1.037800775378142,0.4286388383765183,-0.011032820425064803,0.9175130271280603,0.7355621514401365,0.5485437078711104
matched,frozen_c1,tuned_per_N,1000,7,100,fixed_300,SVM_Linear,0.8227642095172276,0.8233333333333334,0.8233333333333334,0.8275404079059925,30,0.7,1.0,0.8235294117647058,0.7767962627304257,0.8515766550725883,1.0771521461294375,0.41029073514438685,0.31525565740704153,0.7002076636147196,0.7071186068071609,0.2994330937271801
matched,frozen_c1,tuned_per_N,1000,7,100,fixed_300,SVM_Poly2,0.8429406850459482,0.8433333333333334,0.8441500711237553,0.8485660258430507,30,0.8333333333333334,1.0,0.9090909090909091,0.7786826029521943,0.8416254912572815,1.0189413278192565,0.5257743186352822,0.3594159469737678,0.3647339335987054,0.433643082356576,0.2723313099548468
matched,frozen_c1,tuned_per_N,1000,7,100,fixed_300,SVM_RBF,0.8566650740563784,0.8566666666666667,0.8668854522567884,0.8674305524289766,30,0.4666666666666667,1.0,0.6363636363636364,1.3153192303224848,1.207371978211071,1.5860723264734347,0.8198697131987475,-0.025829437799007215,1.2012389665536352,0.9464509590491957,0.7401842991706297
matched,frozen_c1,tuned_per_N,1000,7,100,fixed_300,RandomForest,0.8566650740563784,0.8566666666666667,0.8687770562770563,0.8681959389491694,30,0.43333333333333335,1.0,0.6046511627906976,0.33823333333333333,0.2828283558784177,0.42153333333333337,0.12924130746613313,-0.07683333333333335,0.3457804778886293,0.32883333333333326,0.1316667721518565
matched,frozen_c1,tuned_per_N,1000,7,100,fixed_300,XGBoost,0.8633196652998634,0.8633333333333333,0.8718615494978479,0.8734185763810725,30,0.43333333333333335,1.0,0.6046511627906976,0.3582772703965505,0.2848373974202543,0.4442464625835419,0.11018178585390878,-0.0731414904197057,0.37043623450382157,0.3465029229720434,0.15002801680358374
matched,frozen_c1,tuned_per_N,1000,7,100,full_kddtest_plus,QSVM_ZZ,0.7994821963064045,0.7995475514549326,0.8098843672032006,0.8126320826968347,2952,0.3990514905149051,1.0,0.5704600484261502,0.7225670875514367,0.7722754551451319,0.9490448313390192,0.46671884763836025,-0.06733978897988085,0.704587676651835,0.5987123218471275,0.3775208562952611
matched,frozen_c1,tuned_per_N,1000,7,100,full_kddtest_plus,QSVM_Z,0.7978170855657187,0.7978176011355571,0.8129129186116011,0.8131918707965591,2952,0.4935636856368564,1.0,0.6609208437287367,0.7068044525015471,0.848898688352585,1.011190625367384,0.4446290997358022,-0.007875867223433601,0.7216165149382396,0.5750643609342214,0.4359970237277399
matched,frozen_c1,tuned_per_N,1000,7,100,full_kddtest_plus,SVM_Linear,0.7845730036940174,0.7849095102909865,0.7900499856708544,0.7946765432797772,2952,0.5691056910569106,1.0,0.7253886010362695,0.7090012391780548,0.8830721462592626,1.0450955815794096,0.4362045369068886,0.11226122799780319,0.6341891635980523,0.5850651639797517,0.2692531010668552
matched,frozen_c1,tuned_per_N,1000,7,100,full_kddtest_plus,SVM_Poly2,0.7974518212001932,0.7975514549325763,0.8067871376217547,0.8100144996925605,2952,0.6615853658536586,1.0,0.7963302752293578,0.6551131229017826,0.8922383506705535,0.9566932738227457,0.5567768476039144,0.23247918200640968,0.39632846239931663,0.3799182206203404,0.2584278735253807
matched,frozen_c1,tuned_per_N,1000,7,100,full_kddtest_plus,SVM_RBF,0.8094459256815751,0.8097054648687012,0.8155032576840417,0.8203268490385947,2952,0.5904471544715447,1.0,0.7424920127795527,1.1316384058165183,1.2486133196530362,1.4551925583137382,0.849738384305572,0.1845622952046241,0.849213142140353,0.6982287272889701,0.5174000830919099
matched,frozen_c1,tuned_per_N,1000,7,100,full_kddtest_plus,RandomForest,0.8251772962037971,0.8252750177430802,0.8343709583718251,0.8380734634345666,2952,0.497289972899729,1.0,0.6642533936651583,0.30287925833924767,0.30354473026391027,0.40146513484740953,0.1506684900869259,-0.051852981029810306,0.30342241845697354,0.2692140921409214,0.14925705429458305
matched,frozen_c1,tuned_per_N,1000,7,100,full_kddtest_plus,XGBoost,0.8263099668242908,0.826472675656494,0.8338162693372047,0.8383112519089138,2952,0.491869918699187,1.0,0.659400544959128,0.31455603199882065,0.31647085720856977,0.42762141794526803,0.12743321248265074,-0.04509992273600121,0.33775288979690943,0.307664341053504,0.1464707166674272
matched,frozen_c1,tuned_per_N,1000,8,100,fixed_300,QSVM_ZZ,0.8465575520370041,0.8466666666666667,0.8513314599223873,0.8546215838998694,30,0.6,1.0,0.75,0.958747851152115,0.8994488020472547,1.2062552556648531,0.5226412228039035,-0.027931469581654,0.912092300640423,0.751251178334261,0.517990539423178
matched,frozen_c1,tuned_per_N,1000,8,100,fixed_300,QSVM_Z,0.8332666399893291,0.8333333333333334,0.8393136422538987,0.8418801494754851,30,0.7666666666666667,1.0,0.8679245283018868,0.8103808354400162,0.8188650960741984,1.0435409970148979,0.488138639698004,0.29720154826142625,0.48927372644295347,0.4548524561558688,0.34760147123586294
matched,frozen_c1,tuned_per_N,1000,8,100,fixed_300,SVM_Linear,0.8197115384615384,0.82,0.8222469410456062,0.82607716897033,30,0.6666666666666666,1.0,0.8,0.8240930217353292,0.8835384158471217,1.121126968040783,0.4503817961265622,0.1384739480967693,0.6760165607406451,0.614969223462028,0.31302760084635894
matched,frozen_c1,tuned_per_N,1000,8,100,fixed_300,SVM_Poly2,0.8362573099415205,0.8366666666666667,0.8374822190611664,0.8418126153707621,30,0.7666666666666667,1.0,0.8679245283018868,0.7382563029607218,0.7933421083568941,0.9762175578193819,0.47054579963969134,0.21620882409419512,0.3653106690434332,0.3004327355568531,0.29989716894125784
matched,frozen_c1,tuned_per_N,1000,8,100,fixed_300,SVM_RBF,0.8296801772216718,0.83,0.8317470201031845,0.8358245914186664,30,0.5666666666666667,1.0,0.723404255319149,1.1637085227607047,1.0133727459572488,1.399407199889682,0.6502317564466968,0.3067013507592929,0.6021640173668728,0.5358040264000531,0.4118024619431961
matched,frozen_c1,tuned_per_N,1000,8,100,fixed_300,RandomForest,0.8264738598442714,0.8266666666666667,0.848146617059391,0.8412498311647382,30,0.3,1.0,0.46153846153846156,0.3276188802010059,0.28971224067225626,0.41683094111049757,0.13236041550417288,-0.07511859874448637,0.2832050902286559,0.2681646242880023,0.11804940190119917
matched,frozen_c1,tuned_per_N,1000,8,100,fixed_300,XGBoost,0.8399928885728254,0.84,0.8491582491582492,0.850164332988159,30,0.43333333333333335,1.0,0.6046511627906976,0.3364114830891291,0.2943011270732335,0.4296968473990758,0.12307094980578598,0.0005187511444091797,0.2801821726406048,0.251169764995575,0.12416145988360143
matched,frozen_c1,tuned_per_N,1000,8,100,full_kddtest_plus,QSVM_ZZ,0.7887829152879782,0.7888129879347054,0.800700110823366,0.8025519168426338,2952,0.40616531165311653,1.0,0.5776921223801493,0.8151469655004211,0.9152217588980436,1.0971386423889546,0.5462437575862032,-0.09865673807631693,0.8123166601664462,0.6840978144804363,0.44900076678656053
matched,frozen_c1,tuned_per_N,1000,8,100,full_kddtest_plus,QSVM_Z,0.7772501294685848,0.7772799858055358,0.7891111816873437,0.7908435135984779,2952,0.5260840108401084,1.0,0.6894561598224195,0.6827355635640151,0.8665765351647097,0.98511393378878,0.49662186672391084,0.06812975473403952,0.6344579349536296,0.5311170905110428,0.35368512956135023
matched,frozen_c1,tuned_per_N,1000,8,100,full_kddtest_plus,SVM_Linear,0.7842267210068666,0.7843328601845281,0.7934503805430702,0.7965374416081789,2952,0.5274390243902439,1.0,0.6906187624750499,0.7474533423079242,0.9196769354269677,1.0846044145969012,0.47762477774979234,-0.04710967061653548,0.5966571940437384,0.5312159446171929,0.27573311091381364
matched,frozen_c1,tuned_per_N,1000,8,100,full_kddtest_plus,SVM_Poly2,0.7920406250110191,0.7920511000709723,0.8053747041562743,0.8065360082251775,2952,0.5904471544715447,1.0,0.7424920127795527,0.6187295534004127,0.8376370919749362,0.9227884563661314,0.4826216146223811,0.03507301583483303,0.44645779792132884,0.3557487355922508,0.27202484976381736
matched,frozen_c1,tuned_per_N,1000,8,100,full_kddtest_plus,SVM_RBF,0.8068769491889416,0.8078424414478353,0.8076423636828209,0.8136550100603619,2952,0.6751355013550135,1.0,0.8060667340748231,1.0083217688716182,1.0520950369018176,1.3101481718751085,0.6380662379299951,0.41476149492999864,0.6257750541119451,0.6533337485492892,0.36983310970207817
matched,frozen_c1,tuned_per_N,1000,8,100,full_kddtest_plus,RandomForest,0.7977208603503188,0.7977288857345636,0.8153892174694658,0.8142162304999268,2952,0.38651761517615174,1.0,0.5575372587344246,0.2906029652081802,0.3011043338786419,0.38677508802678784,0.15974646960154695,-0.0615831169373706,0.2464970965504089,0.2130428290913504,0.13844151065434515
matched,frozen_c1,tuned_per_N,1000,8,100,full_kddtest_plus,XGBoost,0.8067076999530676,0.8069109297374024,0.8137104246161981,0.8181102329222902,2952,0.44546070460704607,1.0,0.6163580970236701,0.29862162086258676,0.314178463263839,0.40892299543206917,0.1437531322521007,-0.03310059151311877,0.27017130226417485,0.2333067702306157,0.1402003305637943
matched,frozen_c1,tuned_per_N,1000,9,100,fixed_300,QSVM_ZZ,0.8166646296069957,0.8166666666666667,0.8264251033986694,0.8269100895952456,30,0.43333333333333335,1.0,0.6046511627906976,0.8740458660391397,0.9208132172456435,1.1594755621695478,0.5171746104808254,-0.14284983983492128,1.047020524430172,0.8827587959660453,0.5808570938393307
matched,frozen_c1,tuned_per_N,1000,9,100,fixed_300,QSVM_Z,0.8332666399893291,0.8333333333333334,0.8502571571617131,0.8464724685966413,30,0.5666666666666667,1.0,0.723404255319149,0.8249753833578051,0.8861243624405443,1.0995496785851242,0.5067457677971949,0.13201819082443852,0.5951009595325122,0.508271570130379,0.3365025493845087
matched,frozen_c1,tuned_per_N,1000,9,100,fixed_300,SVM_Linear,0.8227642095172276,0.8233333333333334,0.8233333333333334,0.8275404079059925,30,0.7,1.0,0.8235294117647058,0.8105531299168001,0.8842699887886157,1.1175679225077788,0.43585746302178485,0.37877259006904895,0.7251351713669139,0.7536818759611669,0.31820327086407474
matched,frozen_c1,tuned_per_N,1000,9,100,fixed_300,SVM_Poly2,0.8328579069352826,0.8333333333333334,0.8337259433752611,0.8380532168745216,30,0.8,1.0,0.8888888888888888,0.7542125999091307,0.7970254343031937,0.9985494005768436,0.4549563532862372,0.32313843855999097,0.36857362501716445,0.3991366224699376,0.28452578817494356
matched,frozen_c1,tuned_per_N,1000,9,100,fixed_300,SVM_RBF,0.8265973055889022,0.8266666666666667,0.8326109298896287,0.8351267390031967,30,0.5333333333333333,1.0,0.6956521739130435,1.1717858522083582,1.017876341021688,1.3963618235232218,0.6777374025788093,0.15552892986944614,0.7136215640475977,0.6630607858342873,0.3062603124612984
matched,frozen_c1,tuned_per_N,1000,9,100,fixed_300,RandomForest,0.836664851831687,0.8366666666666667,0.8466552778277289,0.8471703210121111,30,0.43333333333333335,1.0,0.6046511627906976,0.334370645869244,0.28321722627429213,0.4154098474640893,0.13946463604577666,-0.036356212222968455,0.3412026223407858,0.3128895455563018,0.14085856715514805
matched,frozen_c1,tuned_per_N,1000,9,100,fixed_300,XGBoost,0.8466053087901828,0.8466666666666667,0.8527190669824389,0.8553869704200621,30,0.4666666666666667,1.0,0.6363636363636364,0.34055376360813777,0.3037455391148567,0.44139071116844814,0.11581216919673824,-0.05135063330332438,0.3965939751749034,0.3688080708185832,0.15461007594836568
matched,frozen_c1,tuned_per_N,1000,9,100,full_kddtest_plus,QSVM_ZZ,0.7777119421881272,0.7777235628105039,0.7907841246429559,0.7919095355340766,2952,0.48272357723577236,1.0,0.6511309115832762,0.7541596867017614,0.950093968136828,1.0974471511819133,0.5167640967586521,-0.0787224317658123,0.9681234893107907,0.8324278267750427,0.5005239505048716
matched,frozen_c1,tuned_per_N,1000,9,100,full_kddtest_plus,QSVM_Z,0.7872969709972115,0.787304826117814,0.8046485043098124,0.8035570342438272,2952,0.505420054200542,1.0,0.6714671467146714,0.7160209153971447,0.9308026290061565,1.049679967651419,0.526546722487429,0.13347237412757934,0.6184915197051208,0.48341952014240164,0.4082305747340498
matched,frozen_c1,tuned_per_N,1000,9,100,full_kddtest_plus,SVM_Linear,0.784357449240472,0.7848207948899929,0.788595278076816,0.7936215948958887,2952,0.5829945799457995,1.0,0.7365717954205008,0.7429772021595553,0.9139698822603812,1.0830420044146287,0.4630076514286121,0.17046413342303937,0.6575630025864572,0.6152528744947343,0.28794274357960736
matched,frozen_c1,tuned_per_N,1000,9,100,full_kddtest_plus,SVM_Poly2,0.7923086430158579,0.7924059616749468,0.8017313779005566,0.8048435522596171,2952,0.6270325203252033,1.0,0.7707682698313554,0.6398395066730457,0.8398108781851918,0.9443051641548674,0.4721913408441948,0.11510087707876145,0.4629658788461858,0.4099178396405574,0.24403479592988292
matched,frozen_c1,tuned_per_N,1000,9,100,full_kddtest_plus,SVM_RBF,0.7779291555386334,0.7780340667139816,0.7872058824942643,0.790178117517554,2952,0.5277777777777778,1.0,0.6909090909090909,1.0052024294682715,1.0592443812921373,1.2904347733603385,0.6835266485005029,0.1432057009532333,0.6238066093999208,0.5536584126159567,0.321099549760057
matched,frozen_c1,tuned_per_N,1000,9,100,full_kddtest_plus,RandomForest,0.7876153233350633,0.7876153300212917,0.8030710425420415,0.8030406336035929,2952,0.31775067750677505,1.0,0.48226221079691517,0.2888759168494966,0.3155546568194397,0.40040774355072734,0.1506574780111714,-0.10746185254471761,0.3180999083394033,0.3009338003487424,0.14891087685438792
matched,frozen_c1,tuned_per_N,1000,9,100,full_kddtest_plus,XGBoost,0.7884848230827279,0.7885024840312278,0.8011781783417076,0.8026299091512177,2952,0.3844850948509485,1.0,0.5554196231954979,0.28799806820523494,0.3425672351665239,0.4302123040489646,0.1233392530562142,-0.12279761062687651,0.36850568636557257,0.36064575680185784,0.14425786689205863
matched,frozen_c1,tuned_per_N,1000,10,100,fixed_300,QSVM_ZZ,0.8599003735990037,0.86,0.8647129666800482,0.8681284048444464,30,0.5333333333333333,1.0,0.6956521739130435,1.1227230502161651,1.0089348521611359,1.355276138111019,0.6645924863094566,0.16107547651826612,1.0409245071835547,0.8507197161695681,0.6210838134352579
matched,frozen_c1,tuned_per_N,1000,10,100,fixed_300,QSVM_Z,0.8599937775012223,0.86,0.8693602693602693,0.8704245644050246,30,0.6333333333333333,1.0,0.7755102040816326,1.0643496836247273,1.0182109812027724,1.287331341890322,0.7158015559223323,0.2512497243709379,0.7016234098448503,0.5903700834442993,0.4548241394349668
matched,frozen_c1,tuned_per_N,1000,10,100,fixed_300,SVM_Linear,0.8164198533584041,0.8166666666666667,0.8194444444444444,0.8230831569942821,30,0.6333333333333333,1.0,0.7755102040816326,0.7923108615498639,0.8922087464731108,1.1026077253326627,0.45612405401353057,0.14524087348418344,0.72134998349563,0.6511702492973632,0.3426631238543243
matched,frozen_c1,tuned_per_N,1000,10,100,fixed_300,SVM_Poly2,0.8232370957521318,0.8233333333333334,0.8285714285714285,0.8313673405069559,30,0.6333333333333333,1.0,0.7755102040816326,0.7035738485169346,0.7971972678173764,0.948800452557844,0.4799138936918279,0.15277776337215224,0.38252596736061484,0.27506673971862106,0.3066030811762007
matched,frozen_c1,tuned_per_N,1000,10,100,fixed_300,SVM_RBF,0.8562049247026563,0.8566666666666667,0.8566666666666667,0.8613074602674351,30,0.5,1.0,0.6666666666666666,1.4764329366764453,1.3505156866767962,1.6913644765702598,1.0691272346448488,0.13931543382747805,1.1322395973080153,0.920304711673582,0.674102761814666
matched,frozen_c1,tuned_per_N,1000,10,100,fixed_300,RandomForest,0.86,0.86,0.8711899509252172,0.8711899509252172,30,0.36666666666666664,1.0,0.5365853658536586,0.35161142378284704,0.24891325909465734,0.4032732098287818,0.15152267857359258,0.009958466470641096,0.3145751686751066,0.27883382607103085,0.14597398823081031
matched,frozen_c1,tuned_per_N,1000,10,100,fixed_300,XGBoost,0.8766323978883023,0.8766666666666667,0.8836553945249597,0.8861600108054568,30,0.5,1.0,0.6666666666666666,0.3619903800884883,0.2725594147091243,0.4373741779724757,0.11844618299502009,0.0006215800841649373,0.39890231443804197,0.3867874393860499,0.09756495046383362
matched,frozen_c1,tuned_per_N,1000,10,100,full_kddtest_plus,QSVM_ZZ,0.818488288138495,0.8184882895670689,0.8344629274968303,0.8344796746282374,2952,0.3719512195121951,1.0,0.5422222222222223,0.9322719946392916,1.0726849618085017,1.2592877943997725,0.6587703318718803,-0.17544743277852642,0.9755723723382698,0.81306622635711,0.5669625798019691
matched,frozen_c1,tuned_per_N,1000,10,100,full_kddtest_plus,QSVM_Z,0.7867263399683527,0.7868612491128459,0.8110180397226466,0.8057978637241062,2952,0.41023035230352306,1.0,0.581791976939707,0.8689266853888369,1.1146700270034937,1.2407943273714919,0.6767217233424141,-0.1664636258338567,0.8024298928196583,0.7085851110095746,0.41171715056804664
matched,frozen_c1,tuned_per_N,1000,10,100,full_kddtest_plus,SVM_Linear,0.7808688471306766,0.7809616749467707,0.7904513602306471,0.7933258066883819,2952,0.5213414634146342,1.0,0.685370741482966,0.7215612441202379,0.9332610426854612,1.0829217250273226,0.46787534694034444,-0.0804179629717716,0.6665354991327774,0.5935468617930498,0.3137494912001169
matched,frozen_c1,tuned_per_N,1000,10,100,full_kddtest_plus,SVM_Poly2,0.7777942610904822,0.7778122782114976,0.7958948637493686,0.7942922348652492,2952,0.5050813008130082,1.0,0.6711681296421337,0.5888962703729519,0.8452243493821964,0.9079541436951477,0.4866439057406769,-0.022037792304398916,0.45046553876630835,0.3487006063028959,0.2860292870837968
matched,frozen_c1,tuned_per_N,1000,10,100,full_kddtest_plus,SVM_RBF,0.8239361788149893,0.8250975869410929,0.8236246943774909,0.829763220262019,2952,0.5826558265582655,1.0,0.7363013698630136,1.3047627281393082,1.358754727051392,1.549400082218322,1.071438085121063,0.16601721065339492,0.9265619904997185,0.7950783631829716,0.5039139141462765
matched,frozen_c1,tuned_per_N,1000,10,100,full_kddtest_plus,RandomForest,0.8328999119710652,0.8329488999290277,0.8439036580964436,0.8468180506243144,2952,0.4153116531165312,1.0,0.5868836764001915,0.3116615962570446,0.27379420704599355,0.3813943575386658,0.16320098783739587,-0.040986677315866825,0.27302871277399426,0.23234670458963227,0.14912945578509107
matched,frozen_c1,tuned_per_N,1000,10,100,full_kddtest_plus,XGBoost,0.8269997341290887,0.8270049680624556,0.8413804403390062,0.8423987967446616,2952,0.345189701897019,1.0,0.5132208511709897,0.31903629000725015,0.30409173727034167,0.42066969457059317,0.13150265049636292,-0.08472146674344533,0.33872416916933157,0.3193364912558216,0.14119488326081528
matched,frozen_c1,frozen_c2,1000,1,100,fixed_300,QSVM_ZZ,0.8731924360400445,0.8733333333333333,0.876798360874794,0.8808698392688308,30,0.7,1.0,0.8235294117647058,0.9719391111662776,0.9313222804901432,1.2225973764082905,0.5632783336429859,0.18648228946150888,0.9345985250614843,0.7835685034597387,0.5424670014994216
matched,frozen_c1,frozen_c2,1000,1,100,fixed_300,QSVM_Z,0.8197997775305895,0.82,0.8412567176519223,0.8344964206924497,30,0.5333333333333333,1.0,0.6956521739130435,0.7561963997769144,0.8974903395695167,1.0761944833847072,0.4681103914553666,-0.03710541000375729,0.749549993620392,0.6026998089113706,0.4471632193350368
matched,frozen_c1,frozen_c2,1000,1,100,fixed_300,SVM_Linear,0.8227642095172276,0.8233333333333334,0.8233333333333334,0.8275404079059925,30,0.7,1.0,0.8235294117647058,0.7927650421634208,0.8667969281502974,1.0953344982590056,0.42432966388275833,0.32818381569528504,0.7097862360304149,0.7202306391798442,0.304579947023985
matched,frozen_c1,frozen_c2,1000,1,100,fixed_300,SVM_Poly2,0.84622927438046,0.8466666666666667,0.8470598693275257,0.8515600378190986,30,0.8333333333333334,1.0,0.9090909090909091,0.7352512483339197,0.8176314393582758,0.9789245617175069,0.5008215962494632,0.26805847690257106,0.36264297860175326,0.35878906987959475,0.27319531530283087
matched,frozen_c1,frozen_c2,1000,1,100,fixed_300,SVM_RBF,0.8497980618386942,0.85,0.8528311965811965,0.8568502093557246,30,0.4666666666666667,1.0,0.6363636363636364,1.332353112446773,1.144999228466072,1.5735717586673839,0.7810633583512545,0.07577218119681509,0.8863115018282999,0.7127209839849491,0.5322765265385891
matched,frozen_c1,frozen_c2,1000,1,100,fixed_300,RandomForest,0.836664851831687,0.8366666666666667,0.8484848484848485,0.8479357075323037,30,0.3333333333333333,1.0,0.5,0.33795806351984603,0.29182749204592767,0.4287074968531794,0.12485519594226542,-0.11527187787866824,0.3225925510293625,0.321061455454665,0.119470086760823
matched,frozen_c1,frozen_c2,1000,1,100,fixed_300,XGBoost,0.853307254623044,0.8533333333333334,0.8684890520875832,0.8659673134933141,30,0.3,1.0,0.46153846153846156,0.3413796529173851,0.3244896378760979,0.45930100232362747,0.10428893411799076,-0.2088755210240682,0.3622416401425266,0.3924773613611857,0.14425501708843574
matched,frozen_c1,frozen_c2,1000,1,100,full_kddtest_plus,QSVM_ZZ,0.7936126404442922,0.7936923349893541,0.8035461718430441,0.8064369119738419,2952,0.5121951219512195,1.0,0.6774193548387096,0.7859341707552558,1.0650905178043022,1.1791423610658172,0.6014429517564557,-0.13899395602282758,0.9893155960410732,0.8145603548453562,0.5784082439723582
matched,frozen_c1,frozen_c2,1000,1,100,full_kddtest_plus,QSVM_Z,0.7710450062024368,0.771291696238467,0.7978375403712297,0.7910073740786916,2952,0.4515582655826558,1.0,0.6221703617269545,0.6365627853033401,0.9228558965343632,1.0112196453079474,0.48405579672663634,-0.018016886036724442,0.6523420766669514,0.534752142817327,0.3740520537637618
matched,frozen_c1,frozen_c2,1000,1,100,full_kddtest_plus,SVM_Linear,0.7847806258997222,0.7851312987934705,0.7900979232439949,0.794783671868259,2952,0.5697831978319783,1.0,0.7259387138541217,0.7250086222614318,0.8979829628201623,1.0628109089792528,0.4499376352600339,0.12264119186577266,0.6437072133895213,0.5949865913631953,0.2745738418166705
matched,frozen_c1,frozen_c2,1000,1,100,full_kddtest_plus,SVM_Poly2,0.796428420469879,0.7964868701206529,0.8070889248183206,0.8096681302291087,2952,0.6399051490514905,1.0,0.7804172691592646,0.6161933030548254,0.8706435932456361,0.9269625371811802,0.5276882676845467,0.12889220742887958,0.4111148489468073,0.35735941463475474,0.24067170363869303
matched,frozen_c1,frozen_c2,1000,1,100,full_kddtest_plus,SVM_RBF,0.8191129614758694,0.8207505322924059,0.8180167372744389,0.8233645930871363,2952,0.6504065040650406,1.0,0.7881773399014779,1.1870199991397805,1.2024343775329662,1.5015884370990595,0.7746593291255844,0.4042812199242979,0.7428946042746238,0.7111153092805583,0.45787630944464086
matched,frozen_c1,frozen_c2,1000,1,100,full_kddtest_plus,RandomForest,0.8194136730320134,0.8198633782824698,0.8230249564807133,0.8288483282343239,2952,0.502710027100271,1.0,0.6690712353471596,0.30504850736496236,0.3044788253730688,0.40392653043495313,0.15035060677275686,-0.044510028410784816,0.30279941621138506,0.2640251419593593,0.1547880922436369
matched,frozen_c1,frozen_c2,1000,1,100,full_kddtest_plus,XGBoost,0.8239626401973595,0.8239886444286728,0.8362783445811284,0.8383840484749381,2952,0.3509485094850949,1.0,0.5195586760280843,0.31471498408919957,0.3394653086876366,0.44914361525715624,0.11203673454001212,-0.10526614016310633,0.3836591184826887,0.36404161017923176,0.16046490431824892
matched,frozen_c1,frozen_c2,1000,2,100,fixed_300,QSVM_ZZ,0.8598442714126808,0.86,0.8634359271301947,0.8673630183242538,30,0.7,1.0,0.8235294117647058,0.9155067710173826,0.8499260698937671,1.1639474555535985,0.4536003668142728,0.26496496972435296,1.008549046794175,0.954878089386965,0.41902917485440755
matched,frozen_c1,frozen_c2,1000,2,100,fixed_300,QSVM_Z,0.8330662393162394,0.8333333333333334,0.8576573248995798,0.8487686281572193,30,0.4666666666666667,1.0,0.6363636363636364,0.9634335513251794,0.9162384764063377,1.2114724218866049,0.547751517090239,-0.03385888801039779,0.9309820039159329,0.755691797621091,0.5447970474597224
matched,frozen_c1,frozen_c2,1000,2,100,fixed_300,SVM_Linear,0.7833116644997833,0.7833333333333333,0.7961538461538462,0.7946738102741885,30,0.4,1.0,0.5714285714285714,0.8579828260661296,0.9196342087835968,1.1507673912063803,0.507539179892071,-0.11124950182963006,0.6192200406190174,0.5158775747560661,0.36011142473595276
matched,frozen_c1,frozen_c2,1000,2,100,fixed_300,SVM_Poly2,0.8429406850459482,0.8433333333333334,0.8441500711237553,0.8485660258430507,30,0.8,1.0,0.8888888888888888,0.720026208262312,0.80368240115795,0.9500123022260122,0.5116832693520893,0.15063660728156975,0.36882205417274755,0.27826596463761427,0.2851125181780081
matched,frozen_c1,frozen_c2,1000,2,100,fixed_300,SVM_RBF,0.836664851831687,0.8366666666666667,0.8466552778277289,0.8471703210121111,30,0.4,1.0,0.5714285714285714,1.4913665341178726,1.3946521216519059,1.807116250261965,0.9505574877691787,-0.11205456437904496,1.2639642678367329,1.0199665153972834,0.7548709844963899
matched,frozen_c1,frozen_c2,1000,2,100,fixed_300,RandomForest,0.8566650740563784,0.8566666666666667,0.8687770562770563,0.8681959389491694,30,0.4,1.0,0.5714285714285714,0.3460450290109699,0.2839843903984515,0.43129866936952427,0.11989893199382923,-0.04693513619446768,0.3259418013962525,0.3080648638055324,0.11634863383601093
matched,frozen_c1,frozen_c2,1000,2,100,fixed_300,XGBoost,0.856626840789108,0.8566666666666667,0.8635265700483092,0.8658997793885912,30,0.43333333333333335,1.0,0.6046511627906976,0.3570041490594546,0.31371137371582275,0.4679416146874428,0.08305078980986692,-0.03946889142195384,0.3973719726811058,0.3783519059419632,0.12771888400951248
matched,frozen_c1,frozen_c2,1000,2,100,full_kddtest_plus,QSVM_ZZ,0.8065335902110023,0.806556068133428,0.8190138896269943,0.8208047650744801,2952,0.4834010840108401,1.0,0.6517469741950217,0.773127303521326,0.9598240314283821,1.124725374237815,0.5039651092121319,-0.14132533692480498,1.0931110741627748,0.9816640268016962,0.5011989722631958
matched,frozen_c1,frozen_c2,1000,2,100,full_kddtest_plus,QSVM_Z,0.7549900302021363,0.7559882895670689,0.7953367050550346,0.7797825600595943,2952,0.2845528455284553,1.0,0.4430379746835443,0.7747203780216219,0.9971559565644981,1.1446144229873771,0.5332630575272372,-0.3218615687986832,0.8095516840108562,0.7598431781987299,0.42615389602726367
matched,frozen_c1,frozen_c2,1000,2,100,full_kddtest_plus,SVM_Linear,0.7582970952979733,0.75847232079489,0.7822305344589505,0.7771043654083333,2952,0.30724932249322495,1.0,0.4700699663125162,0.7690870129942302,0.9557495694398208,1.1092706395924368,0.5238995334784872,-0.2570280003174334,0.5177414350160422,0.477937907873988,0.32510758634132875
matched,frozen_c1,frozen_c2,1000,2,100,full_kddtest_plus,SVM_Poly2,0.7906306237641851,0.7906316536550745,0.8054013170906067,0.8057777347353637,2952,0.6148373983739838,1.0,0.7614852108244179,0.5931188581243599,0.8544711172343463,0.8983019213539756,0.5243706019050004,0.027254441564108625,0.38099851387788247,0.29710021154635413,0.2400711070937901
matched,frozen_c1,frozen_c2,1000,2,100,full_kddtest_plus,SVM_RBF,0.7956259526724018,0.7959545777146912,0.8010130594082188,0.8058561563446842,2952,0.5298102981029811,1.0,0.6926483613817538,1.2553647570956703,1.4565056805788072,1.6628242255360592,0.9655905270282069,0.08251192543402562,0.9509176578109461,0.7694024610383874,0.5648649951303044
matched,frozen_c1,frozen_c2,1000,2,100,full_kddtest_plus,RandomForest,0.7956410303325736,0.7956440738112136,0.809999611803816,0.8106564326827598,2952,0.29132791327913277,1.0,0.45120671563483733,0.29950969305330394,0.3104010430707934,0.40590738628452866,0.14592483521314428,-0.06431455634034536,0.29533428371199494,0.25648667877249576,0.15991649353705556
matched,frozen_c1,frozen_c2,1000,2,100,full_kddtest_plus,XGBoost,0.8112225956504466,0.8115241305890702,0.8166640583863909,0.8217489297953914,2952,0.4244579945799458,1.0,0.5959571938168846,0.31010515967382657,0.34818190079200234,0.4553811907057034,0.10011901541124478,-0.07914660281443661,0.3754925465731902,0.35420658090088747,0.14763649723421585
matched,frozen_c1,frozen_c2,1000,3,100,fixed_300,QSVM_ZZ,0.8431922063190205,0.8433333333333334,0.8473435550008914,0.8508621854036288,30,0.7666666666666667,1.0,0.8679245283018868,0.9094697162424681,0.8058020084772999,1.1427665446434876,0.4129608529531462,0.5241169764261795,0.7909228217075847,0.8764124098150156,0.3635365219592736
matched,frozen_c1,frozen_c2,1000,3,100,fixed_300,QSVM_Z,0.8432898027229786,0.8433333333333334,0.859375,0.8562198910449776,30,0.6666666666666666,1.0,0.8,0.7556401602627119,0.7913907497132845,1.0255231634611763,0.3815673095774755,0.0389036311926711,0.8083525383109296,0.7099276654079919,0.3885228804099655
matched,frozen_c1,frozen_c2,1000,3,100,fixed_300,SVM_Linear,0.8164198533584041,0.8166666666666667,0.8194444444444444,0.8230831569942821,30,0.6333333333333333,1.0,0.7755102040816326,0.8406390238239706,0.9242572559080986,1.1565990635411534,0.4724447583476967,0.08173494154917034,0.710258779093664,0.6234625861907922,0.34991790118534605
matched,frozen_c1,frozen_c2,1000,3,100,fixed_300,SVM_Poly2,0.8232370957521318,0.8233333333333334,0.8285714285714285,0.8313673405069559,30,0.6333333333333333,1.0,0.7755102040816326,0.6967041997768083,0.7832237247112224,0.9315738189161726,0.4806312150153186,0.1210348916211071,0.3732633488678424,0.25573441428398874,0.2976153254598879
matched,frozen_c1,frozen_c2,1000,3,100,fixed_300,SVM_RBF,0.82,0.82,0.8306694880914862,0.8306694880914862,30,0.4,1.0,0.5714285714285714,1.1006859497494912,0.9629231452150404,1.3103071713320242,0.6494810700263978,0.059118454657649505,0.9965482042732556,0.6752081209358595,0.7353212281334089
matched,frozen_c1,frozen_c2,1000,3,100,fixed_300,RandomForest,0.8499983333148147,0.85,0.862012987012987,0.8614425284768807,30,0.4666666666666667,1.0,0.6363636363636364,0.3367935843887365,0.286012730157588,0.41927587140107553,0.13943078554780883,-0.059277614499323374,0.35511146008906763,0.3282477088683932,0.14788991273907245
matched,frozen_c1,frozen_c2,1000,3,100,fixed_300,XGBoost,0.8433176650998433,0.8433333333333334,0.857239819004525,0.855454504524785,30,0.36666666666666664,1.0,0.5365853658536586,0.34092430035273236,0.32353191400567705,0.46101349850495654,0.09148132130329813,-0.12556859950224558,0.414739751193202,0.4186393489440282,0.11188221447788162
matched,frozen_c1,frozen_c2,1000,3,100,full_kddtest_plus,QSVM_ZZ,0.7901848796682233,0.7901880766501065,0.8044352609458751,0.8050874913697512,2952,0.5504742547425474,1.0,0.7100720996285776,0.7529993310680481,0.9026742962579505,1.0807652024580885,0.462358578237109,0.052884096207059646,1.00712166066878,0.9036541651835922,0.44777217060266705
matched,frozen_c1,frozen_c2,1000,3,100,full_kddtest_plus,QSVM_Z,0.7836578114613526,0.7838449254790631,0.8095572542828946,0.8033238075913257,2952,0.4684959349593496,1.0,0.6380622837370242,0.6277901335008296,0.8553170783522941,0.9910725732415998,0.3787649809715352,-0.13083716216144403,0.7118672577145537,0.6483512100321744,0.3217360161037527
matched,frozen_c1,frozen_c2,1000,3,100,full_kddtest_plus,SVM_Linear,0.7803851339198672,0.7804293825408091,0.7915870296207864,0.793684974930803,2952,0.5030487804878049,1.0,0.6693711967545639,0.7612594584416126,0.966139334239778,1.1268912738394723,0.4930083500069243,-0.12254383845643559,0.6347069559229486,0.5627084806713685,0.3181651741173645
matched,frozen_c1,frozen_c2,1000,3,100,full_kddtest_plus,SVM_Poly2,0.774351837573668,0.7743967352732435,0.7941118510093753,0.7915301500354719,2952,0.49830623306233063,1.0,0.6651593940764188,0.5788347301169909,0.8353790289553727,0.8907535786133981,0.489352458863196,-0.03273176847836243,0.4158534544967307,0.3159672165124241,0.27234203196344214
matched,frozen_c1,frozen_c2,1000,3,100,full_kddtest_plus,SVM_RBF,0.7759470246218625,0.7760823278921221,0.7845390974186897,0.787787385849235,2952,0.535230352303523,1.0,0.6972639011473963,0.958472568805419,0.9850310718827114,1.202665182943058,0.6652460713626225,0.18555761746545807,0.7243773481675083,0.5593842150423647,0.49622925336893065
matched,frozen_c1,frozen_c2,1000,3,100,full_kddtest_plus,RandomForest,0.800880489978957,0.8009226401703335,0.8215571857216907,0.818637346020157,2952,0.31097560975609756,1.0,0.4744186046511628,0.29431678153089125,0.3068302512065437,0.3956142681331168,0.15574505384015083,-0.07653264081501984,0.2966767710457276,0.25738670972247435,0.1662120129427432
matched,frozen_c1,frozen_c2,1000,3,100,full_kddtest_plus,XGBoost,0.798452976411032,0.7984829666430092,0.818203319654514,0.8158180317912522,2952,0.3106368563685637,1.0,0.4740242956836392,0.29429191318020026,0.35862919227456996,0.45312151181028404,0.09951644713079162,-0.16644249205303385,0.38543630099390275,0.39989779569551875,0.12785146961436064
matched,frozen_c1,frozen_c2,1000,4,100,fixed_300,QSVM_ZZ,0.8333036984352773,0.8333333333333334,0.8480892152862778,0.8457070820764486,30,0.43333333333333335,1.0,0.6046511627906976,0.9103343643062248,0.850722516545681,1.1429020445448304,0.49619791572504757,0.015026162520779922,0.6912453396141445,0.5822687869076464,0.37283906030816116
matched,frozen_c1,frozen_c2,1000,4,100,fixed_300,QSVM_Z,0.8633318147979422,0.8633333333333333,0.8755411255411256,0.8749493494214577,30,0.7,1.0,0.8235294117647058,0.8984220503509899,0.8520544288243528,1.133478949527578,0.4983817825863311,0.1436920398388394,0.867939748008228,0.693498502147665,0.5413193475247104
matched,frozen_c1,frozen_c2,1000,4,100,fixed_300,SVM_Linear,0.8227642095172276,0.8233333333333334,0.8233333333333334,0.8275404079059925,30,0.7,1.0,0.8235294117647058,0.793347933730995,0.888219198145644,1.1146632647148988,0.4193567624408286,0.31787089150092046,0.7490222135167965,0.746875034348459,0.32288366801710433
matched,frozen_c1,frozen_c2,1000,4,100,fixed_300,SVM_Poly2,0.8461126722868995,0.8466666666666667,0.8463042801902307,0.850794651298906,30,0.8666666666666667,1.0,0.9285714285714286,0.7252084561651642,0.7792029179815148,0.9597583553667539,0.46037853076362284,0.29302259468197056,0.3394466568401677,0.3656319199006156,0.25961427731138137
matched,frozen_c1,frozen_c2,1000,4,100,fixed_300,SVM_RBF,0.8197997775305895,0.82,0.8412567176519223,0.8344964206924497,30,0.36666666666666664,1.0,0.5365853658536586,1.3102784390895166,1.2105744719253848,1.5556659439862874,0.8730541854555977,0.09770057488988976,1.0977143632164168,0.8317204185454377,0.7230237692635285
matched,frozen_c1,frozen_c2,1000,4,100,fixed_300,RandomForest,0.8399715504978662,0.84,0.8548891608867129,0.8524604925487371,30,0.36666666666666664,1.0,0.5365853658536586,0.3338833333333333,0.2896437519705121,0.4197166666666666,0.13859835156146538,-0.07783333333333335,0.3642908255165858,0.34716666666666657,0.13505976043547865
matched,frozen_c1,frozen_c2,1000,4,100,fixed_300,XGBoost,0.8566650740563784,0.8566666666666667,0.8668854522567884,0.8674305524289766,30,0.36666666666666664,1.0,0.5365853658536586,0.34946878304084145,0.31589614318348197,0.4619716601570447,0.09220080699207375,-0.12074486414591472,0.4281089759074699,0.43385021289189657,0.09813567263647863
matched,frozen_c1,frozen_c2,1000,4,100,full_kddtest_plus,QSVM_ZZ,0.7999163962609956,0.8000354861603974,0.8243800983352078,0.8191232261865297,2952,0.3323170731707317,1.0,0.4988558352402746,0.7666737891122302,1.0016727031959083,1.1482386234444433,0.5221924615215283,-0.4459047778220674,1.026540490570955,0.9438857320468607,0.6014118177293878
matched,frozen_c1,frozen_c2,1000,4,100,full_kddtest_plus,QSVM_Z,0.7830129999857406,0.7831352022711142,0.8066122132151263,0.8017985462079613,2952,0.4613821138211382,1.0,0.631432545201669,0.7287248221288882,0.9498838316202655,1.1010259479861346,0.4701712686049739,-0.17254677854865735,0.828030308912138,0.7290980814810615,0.4287453449838093
matched,frozen_c1,frozen_c2,1000,4,100,full_kddtest_plus,SVM_Linear,0.7826858847381688,0.7830021291696239,0.7884237658529503,0.7929260193743983,2952,0.5616531165311653,1.0,0.7193058568329718,0.7223546380077103,0.9228400261244865,1.0859570171354098,0.4405987900608177,0.08995400086038396,0.6870555679968932,0.6295776052953027,0.28942894585192314
matched,frozen_c1,frozen_c2,1000,4,100,full_kddtest_plus,SVM_Poly2,0.7995457719159431,0.7996362668559261,0.8091312099413396,0.8122715984671092,2952,0.6507452574525745,1.0,0.7884260209316643,0.61667243199939,0.8249098061470918,0.909531508419597,0.48323235804077486,0.15191354742536117,0.4039268795668038,0.36532382114413586,0.2297240858782119
matched,frozen_c1,frozen_c2,1000,4,100,full_kddtest_plus,SVM_RBF,0.7636729394679773,0.7641501064584811,0.7953636654315959,0.7854359372043919,2952,0.31673441734417346,1.0,0.4810908155389761,1.1290682909671637,1.2458895927674152,1.4278027825480393,0.8879275292397144,0.0008450769697242007,0.809548059046856,0.5855348756104197,0.5590328107593566
matched,frozen_c1,frozen_c2,1000,4,100,full_kddtest_plus,RandomForest,0.7911260405544875,0.7912970191625266,0.8169891505098208,0.8108088785779679,2952,0.24356368563685638,1.0,0.39171887769000274,0.28985539389638043,0.321810589435828,0.411890081618169,0.13388340266231302,-0.16353827913279131,0.311216669874669,0.32625846883468834,0.1309808988487947
matched,frozen_c1,frozen_c2,1000,4,100,full_kddtest_plus,XGBoost,0.7982661501987027,0.798305535841022,0.81865599456973,0.8158876507293944,2952,0.2706639566395664,1.0,0.426019728072514,0.2993894566797021,0.3624450320557757,0.46162722026697917,0.08888620557466405,-0.216804353636374,0.3911061278436746,0.4352114723848941,0.10275750725436651
matched,frozen_c1,frozen_c2,1000,5,100,fixed_300,QSVM_ZZ,0.8432479905726451,0.8433333333333334,0.8486607142857143,0.8516275719238215,30,0.5666666666666667,1.0,0.723404255319149,1.1216368252856175,1.0064142729396468,1.3248460019670236,0.7181378194228666,0.30566062845904385,1.0135271096745542,0.9355234335818464,0.4954407402045835
matched,frozen_c1,frozen_c2,1000,5,100,fixed_300,QSVM_Z,0.822890559732665,0.8233333333333334,0.8514155336189235,0.8397865922290757,30,0.5666666666666667,1.0,0.723404255319149,0.9037931924572846,0.9175032545748852,1.1488678227219524,0.5820284209570503,0.06323974782970399,0.6404571374510718,0.533342519898467,0.3601810198857499
matched,frozen_c1,frozen_c2,1000,5,100,fixed_300,SVM_Linear,0.786628733997155,0.7866666666666666,0.8004895960832313,0.7984332087704291,30,0.4,1.0,0.5714285714285714,0.8456281584214607,0.9192881751492946,1.1483762117304532,0.49133472054822686,-0.1538298611177736,0.6330442850499229,0.5399906908516303,0.3644430638652087
matched,frozen_c1,frozen_c2,1000,5,100,fixed_300,SVM_Poly2,0.7864293659621802,0.7866666666666666,0.8068072206145791,0.8007293683310072,30,0.36666666666666664,1.0,0.5365853658536586,0.7163343060909091,0.801102655152159,0.9408200009713507,0.5193823523636999,-0.018173077407827625,0.34697900957762956,0.23110059081647524,0.25945560459203754
matched,frozen_c1,frozen_c2,1000,5,100,fixed_300,SVM_RBF,0.8399715504978662,0.84,0.8475213828310421,0.8493989464679663,30,0.43333333333333335,1.0,0.6046511627906976,1.2304170330454511,1.080425944914816,1.4739376041215446,0.7132701008803642,0.19819169816686513,0.7871018412663466,0.6569925435384771,0.47662359937583965
matched,frozen_c1,frozen_c2,1000,5,100,fixed_300,RandomForest,0.8265973055889022,0.8266666666666667,0.8434299758772927,0.8397190581243528,30,0.36666666666666664,1.0,0.5365853658536586,0.3294558605297905,0.2919633133323207,0.4203225271964572,0.13081557055868823,-0.06983333333333333,0.31835379515389617,0.3055,0.11355872196063732
matched,frozen_c1,frozen_c2,1000,5,100,fixed_300,XGBoost,0.8333036984352773,0.8333333333333334,0.8480892152862778,0.8457070820764486,30,0.36666666666666664,1.0,0.5365853658536586,0.3375747649868329,0.330987583278913,0.4664906357725461,0.07678534350549301,-0.08861113786697387,0.41758501551423205,0.4179214080174764,0.08701077896899516
matched,frozen_c1,frozen_c2,1000,5,100,full_kddtest_plus,QSVM_ZZ,0.8035470228504513,0.8036284599006388,0.8133932696447448,0.8164671104320296,2952,0.44478319783197834,1.0,0.6157092614302462,0.9455117920005391,1.0551437661844891,1.2315288541601095,0.7004695550137398,-0.018168689452529748,1.0045461813178191,0.8844499877435001,0.47664593867687305
matched,frozen_c1,frozen_c2,1000,5,100,full_kddtest_plus,QSVM_Z,0.7575870375681837,0.7585610361958836,0.7978883282399472,0.7823429818714003,2952,0.35636856368563685,1.0,0.5254745254745254,0.7443653710731422,0.9701869160698487,1.071619373841031,0.5890453084224825,-0.08229756877851488,0.6023649217884584,0.49166527741862703,0.3576054303403886
matched,frozen_c1,frozen_c2,1000,5,100,full_kddtest_plus,SVM_Linear,0.7541338506838968,0.7544357700496807,0.7811061580998784,0.7741350125780702,2952,0.28692411924119243,1.0,0.44590681758357464,0.7563369800534033,0.9594967719517525,1.1131314953088134,0.5036049611885293,-0.3159244916806847,0.5357214739035643,0.5146412334509202,0.3492136636462293
matched,frozen_c1,frozen_c2,1000,5,100,full_kddtest_plus,SVM_Poly2,0.7411844582896283,0.7421043293115684,0.7784431829316594,0.7650321438324694,2952,0.3092818428184282,1.0,0.4724450194049159,0.5848968143108559,0.8566891709906926,0.8961845875634611,0.522373242133838,-0.12186505304078213,0.3146324632488397,0.25300916066881374,0.2232286780418849
matched,frozen_c1,frozen_c2,1000,5,100,full_kddtest_plus,SVM_RBF,0.8029428747162284,0.803584102200142,0.8054551971270276,0.8112424041152592,2952,0.5718157181571816,1.0,0.7275862068965517,1.068959103338302,1.1394581932021997,1.395518162400926,0.7025436620414349,0.37785074393456825,0.7553454820729909,0.7100966511031199,0.4572534615201066
matched,frozen_c1,frozen_c2,1000,5,100,full_kddtest_plus,RandomForest,0.7708820308812603,0.7709811923349894,0.7929526049275741,0.7889935323476861,2952,0.30521680216802166,1.0,0.4676875162211264,0.2805010992670422,0.32107086361050186,0.40065277315430986,0.14575569118690937,-0.12727761269681162,0.26052513721503917,0.2603265738432649,0.12768325170413589
matched,frozen_c1,frozen_c2,1000,5,100,full_kddtest_plus,XGBoost,0.7772453777329553,0.7772799858055358,0.7965132500686127,0.7942380466806856,2952,0.30149051490514905,1.0,0.46330036439354505,0.2806147913018214,0.36892662827943873,0.452514887493265,0.10040814084504136,-0.1832114757621676,0.3592263372942156,0.38224558931015695,0.12844576952823203
matched,frozen_c1,frozen_c2,1000,6,100,fixed_300,QSVM_ZZ,0.8199679943100995,0.82,0.8344893240854073,0.8322002611318716,30,0.5666666666666667,1.0,0.723404255319149,0.8663117004373665,0.9702083972116394,1.2011955123110432,0.4989284894035125,-0.030490508238491438,0.9845927490198586,0.7978166821898385,0.5777898356104247
matched,frozen_c1,frozen_c2,1000,6,100,fixed_300,QSVM_Z,0.8097442116623461,0.81,0.8321514090992816,0.8247489982441133,30,0.5666666666666667,1.0,0.723404255319149,0.9732439762972421,1.10487482916407,1.28971548831133,0.7103423010979054,0.06800324200198356,0.5359920122905303,0.4241863283972952,0.334630896605281
matched,frozen_c1,frozen_c2,1000,6,100,fixed_300,SVM_Linear,0.8230009684852668,0.8233333333333334,0.8250756093221847,0.829071180946378,30,0.7,1.0,0.8235294117647058,0.7845767761059921,0.8437749871221017,1.0731526107582428,0.41935715150756964,0.23384662464479106,0.6777863936416005,0.6540773496374286,0.29370301318632336
matched,frozen_c1,frozen_c2,1000,6,100,fixed_300,SVM_Poly2,0.8463320119371075,0.8466666666666667,0.8479391756702681,0.8523254243392913,30,0.8333333333333334,1.0,0.9090909090909091,0.7041181686468112,0.7826051038605708,0.9390241480490005,0.4759062863505827,0.16985326004875623,0.34997323305678324,0.27416474443258293,0.2759802288491413
matched,frozen_c1,frozen_c2,1000,6,100,fixed_300,SVM_RBF,0.8529149581030486,0.8533333333333334,0.853726832303658,0.8583134482913871,30,0.6,1.0,0.75,1.1901035918078295,1.070409430117408,1.4502905479811337,0.6773331778045082,0.24720343345735868,0.8549560486902145,0.7543180901395677,0.47229609525517574
matched,frozen_c1,frozen_c2,1000,6,100,fixed_300,RandomForest,0.8399715504978662,0.84,0.8548891608867129,0.8524604925487371,30,0.4,1.0,0.5714285714285714,0.33361092531766173,0.28331285977187837,0.41476620956914984,0.1397548475118719,-0.04123751952204934,0.32968612954848464,0.2979477265421851,0.14703955005825783
matched,frozen_c1,frozen_c2,1000,6,100,fixed_300,XGBoost,0.8599751066856329,0.86,0.8676727419282613,0.8696591778848318,30,0.4666666666666667,1.0,0.6363636363636364,0.35260088155666985,0.31388987761726095,0.46296854843695956,0.09227329030274355,-0.04215187629063924,0.43257387275033365,0.41643701791763305,0.12440717892835658
matched,frozen_c1,frozen_c2,1000,6,100,full_kddtest_plus,QSVM_ZZ,0.7639265857064652,0.763972675656494,0.7833450576033688,0.7808834797317052,2952,0.393970189701897,1.0,0.5652490886998784,0.7260855167438576,1.051240019372144,1.144394104166389,0.5680386345170094,-0.17413607561935404,0.9790020649728645,0.7784330311886306,0.6187167623458433
matched,frozen_c1,frozen_c2,1000,6,100,full_kddtest_plus,QSVM_Z,0.7418155153955606,0.7428140525195174,0.7803895319538532,0.7661189968841834,2952,0.3492547425474255,1.0,0.5177002259603314,0.7943994827722386,1.1199999333725248,1.188373803342493,0.6879230280435138,-0.1527518109983369,0.6375601016231197,0.5459349021683382,0.3630028671228391
matched,frozen_c1,frozen_c2,1000,6,100,full_kddtest_plus,SVM_Linear,0.7839399168280454,0.7841554293825408,0.7910216899485562,0.7950287905523794,2952,0.5481029810298103,1.0,0.7080962800875273,0.7144435677168242,0.8759553514730443,1.0398528397760238,0.4432081461750763,0.03753238041173251,0.6094893046464402,0.5516862559054776,0.261778851519308
matched,frozen_c1,frozen_c2,1000,6,100,full_kddtest_plus,SVM_Poly2,0.7968171434264006,0.7968417317246274,0.8091013122016397,0.8108691692524412,2952,0.6202574525745257,1.0,0.7656282667781728,0.5901700956838213,0.832347226668608,0.8955612201010107,0.488950660735378,0.023194877908940405,0.40653176880117287,0.3232346496817315,0.2476397436821264
matched,frozen_c1,frozen_c2,1000,6,100,full_kddtest_plus,SVM_RBF,0.8179480788414351,0.8191980127750177,0.8175477036808976,0.8235165615357308,2952,0.6788617886178862,1.0,0.8087167070217918,1.0259088918491925,1.1467550852036419,1.3750289652434653,0.690529959203173,0.406982125132702,0.7505844534655781,0.7414331791720343,0.4234245065942698
matched,frozen_c1,frozen_c2,1000,6,100,full_kddtest_plus,RandomForest,0.8014175885005235,0.8015436479772888,0.8100496910751787,0.8136588697548347,2952,0.46747967479674796,1.0,0.6371191135734072,0.2946522908367966,0.311033200553568,0.399429098259728,0.1549774816074541,-0.05508260674147712,0.28690512736616886,0.243936393325613,0.16075970168461248
matched,frozen_c1,frozen_c2,1000,6,100,full_kddtest_plus,XGBoost,0.8122437878338223,0.8125443577004968,0.8176783220437014,0.8227828424431872,2952,0.4742547425474255,1.0,0.6433823529411765,0.312283156298212,0.3436137296384081,0.4537022991186554,0.09871873519265058,-0.05215366795497535,0.40790076628539207,0.3944659089432338,0.11618815300604568
matched,frozen_c1,frozen_c2,1000,7,100,fixed_300,QSVM_ZZ,0.8531701890989989,0.8533333333333334,0.856754710257895,0.8606096078519652,30,0.6,1.0,0.75,1.0295807684636258,0.9573192357737194,1.2190028949497653,0.7003774839874706,0.13922006527752126,0.7765243559736582,0.6977915273641059,0.36804794026736565
matched,frozen_c1,frozen_c2,1000,7,100,fixed_300,QSVM_Z,0.8432898027229786,0.8433333333333334,0.859375,0.8562198910449776,30,0.5333333333333333,1.0,0.6956521739130435,0.8712427966439013,0.9058957951833781,1.142539629670844,0.5237503193950548,-0.10678492732079362,0.8500292126277775,0.6776705766936036,0.5241328767662501
matched,frozen_c1,frozen_c2,1000,7,100,fixed_300,SVM_Linear,0.8227642095172276,0.8233333333333334,0.8233333333333334,0.8275404079059925,30,0.7,1.0,0.8235294117647058,0.7767962627304257,0.8515766550725883,1.0771521461294375,0.41029073514438685,0.31525565740704153,0.7002076636147196,0.7071186068071609,0.2994330937271801
matched,frozen_c1,frozen_c2,1000,7,100,fixed_300,SVM_Poly2,0.8429406850459482,0.8433333333333334,0.8441500711237553,0.8485660258430507,30,0.8333333333333334,1.0,0.9090909090909091,0.7786826029521943,0.8416254912572815,1.0189413278192565,0.5257743186352822,0.3594159469737678,0.3647339335987054,0.433643082356576,0.2723313099548468
matched,frozen_c1,frozen_c2,1000,7,100,fixed_300,SVM_RBF,0.8566650740563784,0.8566666666666667,0.8668854522567884,0.8674305524289766,30,0.4666666666666667,1.0,0.6363636363636364,1.3153192303224848,1.207371978211071,1.5860723264734347,0.8198697131987475,-0.025829437799007215,1.2012389665536352,0.9464509590491957,0.7401842991706297
matched,frozen_c1,frozen_c2,1000,7,100,fixed_300,RandomForest,0.8566650740563784,0.8566666666666667,0.8687770562770563,0.8681959389491694,30,0.43333333333333335,1.0,0.6046511627906976,0.33823333333333333,0.2828283558784177,0.42153333333333337,0.12924130746613313,-0.07683333333333335,0.3457804778886293,0.32883333333333326,0.1316667721518565
matched,frozen_c1,frozen_c2,1000,7,100,fixed_300,XGBoost,0.8633196652998634,0.8633333333333333,0.8718615494978479,0.8734185763810725,30,0.43333333333333335,1.0,0.6046511627906976,0.35434695104757946,0.3116294015996179,0.46470758815606433,0.08198477400240425,-0.09381074607372283,0.41961457340423514,0.4142037004232407,0.11537825119068612
matched,frozen_c1,frozen_c2,1000,7,100,full_kddtest_plus,QSVM_ZZ,0.8062079795188657,0.8063786373314408,0.8138233005697979,0.8179558371190637,2952,0.43529810298102983,1.0,0.6065612461647392,0.8741057333083153,0.9810676042980062,1.13066629351547,0.6694387275273856,-0.03112240773589559,0.8379175298655379,0.6748418968503124,0.49765731721207124
matched,frozen_c1,frozen_c2,1000,7,100,full_kddtest_plus,QSVM_Z,0.7748484740057325,0.774973385379702,0.7980919212608386,0.7934520893115968,2952,0.391260162601626,1.0,0.5624543462381301,0.7428969154203938,0.9985380082550759,1.1260088792776601,0.5301678834661883,-0.08014065826172467,0.7471961855660342,0.6007030466885493,0.4515312996129375
matched,frozen_c1,frozen_c2,1000,7,100,full_kddtest_plus,SVM_Linear,0.7845730036940174,0.7849095102909865,0.7900499856708544,0.7946765432797772,2952,0.5691056910569106,1.0,0.7253886010362695,0.7090012391780548,0.8830721462592626,1.0450955815794096,0.4362045369068886,0.11226122799780319,0.6341891635980523,0.5850651639797517,0.2692531010668552
matched,frozen_c1,frozen_c2,1000,7,100,full_kddtest_plus,SVM_Poly2,0.7974518212001932,0.7975514549325763,0.8067871376217547,0.8100144996925605,2952,0.6615853658536586,1.0,0.7963302752293578,0.6551131229017826,0.8922383506705535,0.9566932738227457,0.5567768476039144,0.23247918200640968,0.39632846239931663,0.3799182206203404,0.2584278735253807
matched,frozen_c1,frozen_c2,1000,7,100,full_kddtest_plus,SVM_RBF,0.8094459256815751,0.8097054648687012,0.8155032576840417,0.8203268490385947,2952,0.5904471544715447,1.0,0.7424920127795527,1.1316384058165183,1.2486133196530362,1.4551925583137382,0.849738384305572,0.1845622952046241,0.849213142140353,0.6982287272889701,0.5174000830919099
matched,frozen_c1,frozen_c2,1000,7,100,full_kddtest_plus,RandomForest,0.8251772962037971,0.8252750177430802,0.8343709583718251,0.8380734634345666,2952,0.497289972899729,1.0,0.6642533936651583,0.30287925833924767,0.30354473026391027,0.40146513484740953,0.1506684900869259,-0.051852981029810306,0.30342241845697354,0.2692140921409214,0.14925705429458305
matched,frozen_c1,frozen_c2,1000,7,100,full_kddtest_plus,XGBoost,0.8255954688369174,0.8257185947480482,0.8340612105329839,0.8381123572788698,2952,0.47696476964769646,1.0,0.6458715596330276,0.31759062136415683,0.3361192828892166,0.4512528545527889,0.10104868315021245,-0.04735774194523894,0.4055376676692256,0.3930032720188623,0.11068867965250676
matched,frozen_c1,frozen_c2,1000,8,100,fixed_300,QSVM_ZZ,0.8465575520370041,0.8466666666666667,0.8513314599223873,0.8546215838998694,30,0.6,1.0,0.75,0.958747851152115,0.8994488020472547,1.2062552556648531,0.5226412228039035,-0.027931469581654,0.912092300640423,0.751251178334261,0.517990539423178
matched,frozen_c1,frozen_c2,1000,8,100,fixed_300,QSVM_Z,0.8332666399893291,0.8333333333333334,0.8393136422538987,0.8418801494754851,30,0.7666666666666667,1.0,0.8679245283018868,0.8103808354400162,0.8188650960741984,1.0435409970148979,0.488138639698004,0.29720154826142625,0.48927372644295347,0.4548524561558688,0.34760147123586294
matched,frozen_c1,frozen_c2,1000,8,100,fixed_300,SVM_Linear,0.8197115384615384,0.82,0.8222469410456062,0.82607716897033,30,0.6666666666666666,1.0,0.8,0.8240930217353292,0.8835384158471217,1.121126968040783,0.4503817961265622,0.1384739480967693,0.6760165607406451,0.614969223462028,0.31302760084635894
matched,frozen_c1,frozen_c2,1000,8,100,fixed_300,SVM_Poly2,0.8362573099415205,0.8366666666666667,0.8374822190611664,0.8418126153707621,30,0.7666666666666667,1.0,0.8679245283018868,0.7382563029607218,0.7933421083568941,0.9762175578193819,0.47054579963969134,0.21620882409419512,0.3653106690434332,0.3004327355568531,0.29989716894125784
matched,frozen_c1,frozen_c2,1000,8,100,fixed_300,SVM_RBF,0.8296801772216718,0.83,0.8317470201031845,0.8358245914186664,30,0.5666666666666667,1.0,0.723404255319149,1.1637085227607047,1.0133727459572488,1.399407199889682,0.6502317564466968,0.3067013507592929,0.6021640173668728,0.5358040264000531,0.4118024619431961
matched,frozen_c1,frozen_c2,1000,8,100,fixed_300,RandomForest,0.8365195342474894,0.8366666666666667,0.8572214076246334,0.8509972536130745,30,0.36666666666666664,1.0,0.5365853658536586,0.3285833333333333,0.3011589996257053,0.42771666666666663,0.12538820939608142,-0.08549999999999998,0.31399933651734574,0.2948333333333332,0.1377647955353213
matched,frozen_c1,frozen_c2,1000,8,100,fixed_300,XGBoost,0.8399928885728254,0.84,0.8491582491582492,0.850164332988159,30,0.4666666666666667,1.0,0.6363636363636364,0.3341281498471896,0.3330787630698011,0.4625836953520775,0.09273299155549249,-0.08944160640239715,0.3893789606039971,0.3748965750137965,0.1380881383747906
matched,frozen_c1,frozen_c2,1000,8,100,full_kddtest_plus,QSVM_ZZ,0.7887829152879782,0.7888129879347054,0.800700110823366,0.8025519168426338,2952,0.40616531165311653,1.0,0.5776921223801493,0.8151469655004211,0.9152217588980436,1.0971386423889546,0.5462437575862032,-0.09865673807631693,0.8123166601664462,0.6840978144804363,0.44900076678656053
matched,frozen_c1,frozen_c2,1000,8,100,full_kddtest_plus,QSVM_Z,0.7772501294685848,0.7772799858055358,0.7891111816873437,0.7908435135984779,2952,0.5260840108401084,1.0,0.6894561598224195,0.6827355635640151,0.8665765351647097,0.98511393378878,0.49662186672391084,0.06812975473403952,0.6344579349536296,0.5311170905110428,0.35368512956135023
matched,frozen_c1,frozen_c2,1000,8,100,full_kddtest_plus,SVM_Linear,0.7842267210068666,0.7843328601845281,0.7934503805430702,0.7965374416081789,2952,0.5274390243902439,1.0,0.6906187624750499,0.7474533423079242,0.9196769354269677,1.0846044145969012,0.47762477774979234,-0.04710967061653548,0.5966571940437384,0.5312159446171929,0.27573311091381364
matched,frozen_c1,frozen_c2,1000,8,100,full_kddtest_plus,SVM_Poly2,0.7920406250110191,0.7920511000709723,0.8053747041562743,0.8065360082251775,2952,0.5904471544715447,1.0,0.7424920127795527,0.6187295534004127,0.8376370919749362,0.9227884563661314,0.4826216146223811,0.03507301583483303,0.44645779792132884,0.3557487355922508,0.27202484976381736
matched,frozen_c1,frozen_c2,1000,8,100,full_kddtest_plus,SVM_RBF,0.8068769491889416,0.8078424414478353,0.8076423636828209,0.8136550100603619,2952,0.6751355013550135,1.0,0.8060667340748231,1.0083217688716182,1.0520950369018176,1.3101481718751085,0.6380662379299951,0.41476149492999864,0.6257750541119451,0.6533337485492892,0.36983310970207817
matched,frozen_c1,frozen_c2,1000,8,100,full_kddtest_plus,RandomForest,0.7880942580972521,0.7883250532292406,0.8156849599004752,0.8083988364008154,2952,0.247289972899729,1.0,0.396523628462792,0.28752994144783534,0.3161691467762225,0.3986016234918382,0.15412054487274243,-0.09269817073170732,0.26823764520588245,0.2370240514905149,0.15608966710715788
matched,frozen_c1,frozen_c2,1000,8,100,full_kddtest_plus,XGBoost,0.7867721808717745,0.7867725337118524,0.8017574878743616,0.8019746798746534,2952,0.3004742547425474,1.0,0.46209950507944775,0.2854792156962002,0.36528148846396424,0.4530039000542368,0.09857187704724855,-0.17251895924368849,0.35853779033348,0.37729288156076174,0.12634167926427503
matched,frozen_c1,frozen_c2,1000,9,100,fixed_300,QSVM_ZZ,0.8166646296069957,0.8166666666666667,0.8264251033986694,0.8269100895952456,30,0.43333333333333335,1.0,0.6046511627906976,0.8740458660391397,0.9208132172456435,1.1594755621695478,0.5171746104808254,-0.14284983983492128,1.047020524430172,0.8827587959660453,0.5808570938393307
matched,frozen_c1,frozen_c2,1000,9,100,fixed_300,QSVM_Z,0.8332666399893291,0.8333333333333334,0.8502571571617131,0.8464724685966413,30,0.5666666666666667,1.0,0.723404255319149,0.8249753833578051,0.8861243624405443,1.0995496785851242,0.5067457677971949,0.13201819082443852,0.5951009595325122,0.508271570130379,0.3365025493845087
matched,frozen_c1,frozen_c2,1000,9,100,fixed_300,SVM_Linear,0.8227642095172276,0.8233333333333334,0.8233333333333334,0.8275404079059925,30,0.7,1.0,0.8235294117647058,0.8105531299168001,0.8842699887886157,1.1175679225077788,0.43585746302178485,0.37877259006904895,0.7251351713669139,0.7536818759611669,0.31820327086407474
matched,frozen_c1,frozen_c2,1000,9,100,fixed_300,SVM_Poly2,0.8328579069352826,0.8333333333333334,0.8337259433752611,0.8380532168745216,30,0.8,1.0,0.8888888888888888,0.7542125999091307,0.7970254343031937,0.9985494005768436,0.4549563532862372,0.32313843855999097,0.36857362501716445,0.3991366224699376,0.28452578817494356
matched,frozen_c1,frozen_c2,1000,9,100,fixed_300,SVM_RBF,0.8265973055889022,0.8266666666666667,0.8326109298896287,0.8351267390031967,30,0.5333333333333333,1.0,0.6956521739130435,1.1717858522083582,1.017876341021688,1.3963618235232218,0.6777374025788093,0.15552892986944614,0.7136215640475977,0.6630607858342873,0.3062603124612984
matched,frozen_c1,frozen_c2,1000,9,100,fixed_300,RandomForest,0.836664851831687,0.8366666666666667,0.8466552778277289,0.8471703210121111,30,0.43333333333333335,1.0,0.6046511627906976,0.33457467284073156,0.28337748208541114,0.4164432271592684,0.13717888909276088,-0.03055719722408774,0.3317781695071985,0.3018905305574211,0.14097022247091023
matched,frozen_c1,frozen_c2,1000,9,100,fixed_300,XGBoost,0.8299829982998299,0.83,0.8436651583710407,0.841947683580208,30,0.36666666666666664,1.0,0.5365853658536586,0.3374804921944936,0.32567888848478926,0.4584483981132507,0.09891858917271237,-0.1138186921676,0.4212293628744507,0.41394229233264923,0.13798785980204956
matched,frozen_c1,frozen_c2,1000,9,100,full_kddtest_plus,QSVM_ZZ,0.7777119421881272,0.7777235628105039,0.7907841246429559,0.7919095355340766,2952,0.48272357723577236,1.0,0.6511309115832762,0.7541596867017614,0.950093968136828,1.0974471511819133,0.5167640967586521,-0.0787224317658123,0.9681234893107907,0.8324278267750427,0.5005239505048716
matched,frozen_c1,frozen_c2,1000,9,100,full_kddtest_plus,QSVM_Z,0.7872969709972115,0.787304826117814,0.8046485043098124,0.8035570342438272,2952,0.505420054200542,1.0,0.6714671467146714,0.7160209153971447,0.9308026290061565,1.049679967651419,0.526546722487429,0.13347237412757934,0.6184915197051208,0.48341952014240164,0.4082305747340498
matched,frozen_c1,frozen_c2,1000,9,100,full_kddtest_plus,SVM_Linear,0.784357449240472,0.7848207948899929,0.788595278076816,0.7936215948958887,2952,0.5829945799457995,1.0,0.7365717954205008,0.7429772021595553,0.9139698822603812,1.0830420044146287,0.4630076514286121,0.17046413342303937,0.6575630025864572,0.6152528744947343,0.28794274357960736
matched,frozen_c1,frozen_c2,1000,9,100,full_kddtest_plus,SVM_Poly2,0.7923086430158579,0.7924059616749468,0.8017313779005566,0.8048435522596171,2952,0.6270325203252033,1.0,0.7707682698313554,0.6398395066730457,0.8398108781851918,0.9443051641548674,0.4721913408441948,0.11510087707876145,0.4629658788461858,0.4099178396405574,0.24403479592988292
matched,frozen_c1,frozen_c2,1000,9,100,full_kddtest_plus,SVM_RBF,0.7779291555386334,0.7780340667139816,0.7872058824942643,0.790178117517554,2952,0.5277777777777778,1.0,0.6909090909090909,1.0052024294682715,1.0592443812921373,1.2904347733603385,0.6835266485005029,0.1432057009532333,0.6238066093999208,0.5536584126159567,0.321099549760057
matched,frozen_c1,frozen_c2,1000,9,100,full_kddtest_plus,RandomForest,0.7860182102891093,0.7860184528034067,0.8017205949180494,0.801537792150285,2952,0.32723577235772355,1.0,0.49310872894333846,0.2885831346186222,0.3168978002350383,0.4022621791374426,0.1479512778441337,-0.10363132222043736,0.31761122505953776,0.30006608137917146,0.14689005424032248
matched,frozen_c1,frozen_c2,1000,9,100,full_kddtest_plus,XGBoost,0.7854859915658599,0.785486160397445,0.800569888656222,0.8007195208734162,2952,0.34180216802168023,1.0,0.5094673062357991,0.28742395692773964,0.3599591886406988,0.4479068205754667,0.10752966374375945,-0.14468541218417125,0.401080945312616,0.40347840531973983,0.1378585130936968
matched,frozen_c1,frozen_c2,1000,10,100,fixed_300,QSVM_ZZ,0.8797380962986059,0.88,0.8812858476724024,0.8860924767007339,30,0.7333333333333333,1.0,0.8461538461538461,1.0478335065378395,0.9136506357614076,1.245714127712872,0.6171781377099863,0.25837171759135874,0.8931362989203075,0.7298184586128696,0.576032473362491
matched,frozen_c1,frozen_c2,1000,10,100,fixed_300,QSVM_Z,0.8533333333333334,0.8533333333333334,0.8644365404529287,0.8644365404529287,30,0.6333333333333333,1.0,0.7755102040816326,0.962421408067638,0.9201400793015564,1.1751188121308034,0.6261058294092611,0.2526444112452909,0.6832026127606249,0.5846270535912692,0.43451837340395083
matched,frozen_c1,frozen_c2,1000,10,100,fixed_300,SVM_Linear,0.8164198533584041,0.8166666666666667,0.8194444444444444,0.8230831569942821,30,0.6333333333333333,1.0,0.7755102040816326,0.7923108615498639,0.8922087464731108,1.1026077253326627,0.45612405401353057,0.14524087348418344,0.72134998349563,0.6511702492973632,0.3426631238543243
matched,frozen_c1,frozen_c2,1000,10,100,fixed_300,SVM_Poly2,0.8232370957521318,0.8233333333333334,0.8285714285714285,0.8313673405069559,30,0.6333333333333333,1.0,0.7755102040816326,0.7035738485169346,0.7971972678173764,0.948800452557844,0.4799138936918279,0.15277776337215224,0.38252596736061484,0.27506673971862106,0.3066030811762007
matched,frozen_c1,frozen_c2,1000,10,100,fixed_300,SVM_RBF,0.82977113675052,0.83,0.8327991452991452,0.8365899779388591,30,0.5,1.0,0.6666666666666666,1.3484151370158615,1.2173133931640006,1.5228635822259264,0.9904351512542235,0.14816874846866407,0.9748455578859448,0.6741519325237257,0.7195811362363908
matched,frozen_c1,frozen_c2,1000,10,100,fixed_300,RandomForest,0.866642958748222,0.8666666666666667,0.8743898616273342,0.8764125883571203,30,0.43333333333333335,1.0,0.6046511627906976,0.3519333333333333,0.25806154735299525,0.41130000000000005,0.14589428821353265,0.0028333333333333283,0.349727711544599,0.31683333333333336,0.14810178556954975
matched,frozen_c1,frozen_c2,1000,10,100,fixed_300,XGBoost,0.8666133119914632,0.8666666666666667,0.8728272040752492,0.8756472018369277,30,0.5,1.0,0.6666666666666666,0.37396538446346916,0.28422503556012835,0.4588336915771167,0.10052672823573809,0.013113206624984742,0.4446768203878048,0.43855395118395485,0.07469847842586197
matched,frozen_c1,frozen_c2,1000,10,100,full_kddtest_plus,QSVM_ZZ,0.8281313756708095,0.8281582682753726,0.8403975285289138,0.8425850972157135,2952,0.4468157181571816,1.0,0.6176539452118942,0.8837047148194428,0.9786036211520602,1.1706220759629944,0.6068303103785504,-0.10630486851310889,0.8790986447227578,0.7174221283492349,0.5190574553725559
matched,frozen_c1,frozen_c2,1000,10,100,full_kddtest_plus,QSVM_Z,0.7898761212310026,0.7899662881476224,0.8125407579962456,0.8083373180064786,2952,0.41836043360433606,1.0,0.589921184619059,0.7907979787333044,1.0065552489431915,1.1377267905786665,0.5865941206177722,-0.1560893494111329,0.7940946030471007,0.7033555365968052,0.4003012774483031
matched,frozen_c1,frozen_c2,1000,10,100,full_kddtest_plus,SVM_Linear,0.7808688471306766,0.7809616749467707,0.7904513602306471,0.7933258066883819,2952,0.5213414634146342,1.0,0.685370741482966,0.7215612441202379,0.9332610426854612,1.0829217250273226,0.46787534694034444,-0.0804179629717716,0.6665354991327774,0.5935468617930498,0.3137494912001169
matched,frozen_c1,frozen_c2,1000,10,100,full_kddtest_plus,SVM_Poly2,0.7777942610904822,0.7778122782114976,0.7958948637493686,0.7942922348652492,2952,0.5050813008130082,1.0,0.6711681296421337,0.5888962703729519,0.8452243493821964,0.9079541436951477,0.4866439057406769,-0.022037792304398916,0.45046553876630835,0.3487006063028959,0.2860292870837968
matched,frozen_c1,frozen_c2,1000,10,100,full_kddtest_plus,SVM_RBF,0.8078631694374667,0.8085521646557843,0.8099569177166676,0.8159067766790327,2952,0.5582655826558266,1.0,0.7165217391304348,1.1889653077822626,1.2226448620856858,1.3882601091815465,0.9905719717161072,0.16440814618943042,0.7744763715058824,0.6165999984591667,0.4966368194712495
matched,frozen_c1,frozen_c2,1000,10,100,full_kddtest_plus,RandomForest,0.83057890029438,0.830597941802697,0.8434428694209495,0.845341781682954,2952,0.3218157181571816,1.0,0.486929779600205,0.312099014780995,0.2824288755090283,0.3899312532035485,0.15851019690755586,-0.0643921858462056,0.3007700308924709,0.2689643725776374,0.14922175231858137
matched,frozen_c1,frozen_c2,1000,10,100,full_kddtest_plus,XGBoost,0.8234619032824677,0.8236781405251952,0.82996819597982,0.8348420405593225,2952,0.3502710027100271,1.0,0.5188158554942298,0.3271253208667463,0.3257604444586476,0.44959108495914274,0.1048746826041835,-0.11604463274724439,0.40012447116379374,0.4011423564377193,0.11247559328646475
