regime,n_train,model,f1_rare,recall_rare,precision_rare,margin_signed_mean,margin_signed_std,margin_abs_mean,margin_abs_std,d_signed_vs_ZZ,d_absmargin_vs_ZZ,delta_f1_rare,ci_low,ci_high,wilcoxon_p,dz_f1_rare,verdict
matched,100,QSVM_ZZ,0.7334130287289664,0.6009485094850948,1.0,0.11287151814330307,0.4695824636198228,0.4264211576578347,0.2831787531180587,,,,,,,,
matched,100,QSVM_Z,0.6807230776976801,0.5358062330623306,1.0,0.10322074179736485,0.5712450173058645,0.5354394972647316,0.3249132603710706,0.03648725029775673,-0.42103346146864407,0.052689951031286174,-0.10790997844964376,0.21328988051221612,0.4921875,0.2346957465505137,inconclusive
matched,100,SVM_Linear,0.4217334543278043,0.3068766937669376,1.0,-0.25721286627674805,0.50137420530379,0.5951954916513313,0.27138609788495244,0.9015931956663021,-0.736779356523872,0.31167957440116206,0.04344910091775955,0.5799100478845646,0.037109375,0.8312334281125789,QSVM-favorable
matched,100,SVM_Poly2,0.6209508522282551,0.4843157181571815,1.0,-0.06386005759781997,0.6782875028872425,0.6566989495214235,0.3791402416405315,0.31426011889712646,-0.497810616169576,0.1124621765007113,-0.08737589091126699,0.3123002439126896,0.322265625,0.4025789263385031,inconclusive
matched,100,SVM_RBF,0.5686046868041023,0.44600271002710035,1.0,-0.04809345179779469,0.5555869328309149,0.6123849095008703,0.33380241195856847,0.4248780133647509,-0.5749028210520514,0.16480834192486415,-0.0889985613801283,0.4186152452298566,0.232421875,0.4645137071620665,inconclusive
matched,100,RandomForest,0.510067817251519,0.3536924119241192,1.0,-0.06564041075972168,0.2548229619145443,0.24018545022354898,0.12782656730457612,0.4872623670830589,0.7859457429938054,0.22334521147744751,0.07173620510208464,0.37495421785281036,0.009765625,1.0538393678954563,QSVM-favorable
matched,100,XGBoost,0.4998322274812166,0.3400745257452574,1.0,-0.11739785711616679,0.33015710877102517,0.3329151065853553,0.13857526858779096,0.5847216777971286,0.3189981409196866,0.23358080124774983,0.09826405592983817,0.3688975465656615,0.00390625,1.2348334190433794,QSVM-favorable
matched,200,QSVM_ZZ,0.7087651652570073,0.568191056910569,1.0,0.04542272005535758,0.5241379127798969,0.48026780671929953,0.3093437737581096,,,,,,,,
matched,200,QSVM_Z,0.6666550760199283,0.518089430894309,1.0,0.016563412853028633,0.6973865812219248,0.6455101194515662,0.36537410240727974,0.09532200820972947,-0.5279636437191755,0.04211008923707883,-0.09161413722870311,0.1758343157028608,0.845703125,0.22526765675098914,inconclusive
matched,200,SVM_Linear,0.4913068879149919,0.3469850948509485,1.0,-0.37344482589053807,0.93371629568624,0.9150991673984261,0.5378046370659533,0.5953818399741563,-0.8581894039846117,0.21745827734201534,0.01623966437293184,0.41867689031109884,0.064453125,0.7730909092440472,inconclusive
matched,200,SVM_Poly2,0.5000268437344504,0.3502710027100271,1.0,-0.23612984132638512,0.6295343502353761,0.5865149497514087,0.36937994982587685,0.4615431553146447,-0.20305423958065466,0.20873832152255697,0.05701484629969866,0.3604617967454153,0.009765625,0.9841746613208975,QSVM-favorable
matched,200,SVM_RBF,0.5018388363003649,0.366869918699187,1.0,-0.24152154001917897,0.79898310128626,0.8580914122889031,0.37063551444368803,0.517227973878034,-1.1052847182942536,0.20692632895664237,0.00634063491966011,0.40751202299362466,0.037109375,0.7379697697633403,QSVM-favorable
matched,200,RandomForest,0.45501571197270135,0.30135501355013544,1.0,-0.13199077767998496,0.2710879811441632,0.27800679620931346,0.1367118615864181,0.5016487521175292,0.7279619050609095,0.25374945328430587,0.1568594192696183,0.3506394872989934,0.001953125,1.8734787910766129,QSVM-favorable
matched,200,XGBoost,0.49390057469343607,0.3390243902439024,1.0,-0.15119405862822283,0.3342075184942091,0.3540337097343956,0.13886238827773645,0.5194895548366893,0.4022441777818031,0.21486459056357132,0.07999644209885437,0.3497327390282883,0.005859375,1.139667671410355,QSVM-favorable
matched,500,QSVM_ZZ,0.577223525053504,0.4167344173441734,1.0,-0.14149933658192895,0.7241703434349647,0.6700856925958555,0.3538481682193527,,,,,,,,
matched,500,QSVM_Z,0.5886995721369213,0.44884823848238475,1.0,-0.07073186207365659,0.8454593800076708,0.7975730578505507,0.426499121237366,-0.06658116032547709,-0.27529989258816184,-0.011476047083417068,-0.17693265235240943,0.1539805581855753,0.76953125,-0.04961705530595345,inconclusive
matched,500,SVM_Linear,0.660054884959463,0.5030149051490515,1.0,-0.09641032374610443,0.8362891987769785,0.780929312152925,0.4170689135880476,-0.07705818416159387,-0.23288711427184944,-0.08283135990595898,-0.1779060685352576,0.012243348723339625,0.064453125,-0.6232360445163587,inconclusive
matched,500,SVM_Poly2,0.6352650898474996,0.5050474254742546,1.0,-0.07245141899714,0.6001772716540963,0.5578737174367111,0.3728999908694388,-0.10185866067790487,0.46214754378956374,-0.05804156479399567,-0.2122545272446646,0.09617139765667326,0.625,-0.2692408831845802,inconclusive
matched,500,SVM_RBF,0.553741049167982,0.41588753387533883,1.0,-0.17859248333035393,0.7519018830017831,0.7763245799977776,0.36359083086109945,0.0830553228930241,-0.30738542619433495,0.023482475885522193,-0.13300457636229457,0.17996952813333894,1.0,0.10734658908007044,inconclusive
matched,500,RandomForest,0.48280757272377367,0.3224932249322493,1.0,-0.11864600400914986,0.29060139606708224,0.28707923044511025,0.13636286960654914,-0.017537351705639883,1.4222331186133639,0.09441595232973045,0.010232936317360566,0.17859896834210032,0.02734375,0.8023127078619424,QSVM-favorable
matched,500,XGBoost,0.47401948905592367,0.31578590785907856,1.0,-0.1481585201824987,0.345426030410999,0.361000675755505,0.12389287094101557,0.029685990829381087,1.1638304081366324,0.10320403599758037,0.004932403517673989,0.20147566847748674,0.048828125,0.7512617630526262,QSVM-favorable
matched,1000,QSVM_ZZ,0.632250689788417,0.47046070460704603,1.0,-0.08782208544547525,0.9622027629982479,0.8479744976647906,0.4805863504658663,,,,,,,,
matched,1000,QSVM_Z,0.7155223576512313,0.5712737127371275,1.0,0.06080732048741063,0.9998839423551253,0.879627269980371,0.5414055187572805,-0.15585105496099114,-0.07604682419912431,-0.08327166786281426,-0.15908135068435647,-0.0074619850412720595,0.048828125,-0.7857698444351283,classical-favorable
matched,1000,SVM_Linear,0.5764638822642402,0.42737127371273714,1.0,-0.22878003664075405,0.8710746873907447,0.8451369657417199,0.4511220052442697,0.14641591419720373,0.0669708648477964,0.05578680752417684,-0.09794083919529895,0.20951445424365261,0.921875,0.2595985749869692,inconclusive
matched,1000,SVM_Poly2,0.6162929160578865,0.49278455284552836,1.0,-0.07599619700675928,0.5429908390441982,0.579262298410434,0.2641995086803642,-0.03274845608355066,0.6852451707244039,0.015957773730530485,-0.13281759393615836,0.1647331413972193,0.6953125,0.0767297962094581,inconclusive
matched,1000,SVM_RBF,0.6267204816423331,0.47560975609756106,1.0,-0.07840539276305655,0.9302217215343358,0.8126083550662354,0.5267753861514318,-0.0005790352283991552,0.02825948079254608,0.005530208146083976,-0.11133818740364879,0.12239860369581673,1.0,0.033850662278262486,inconclusive
matched,1000,RandomForest,0.5085910631506103,0.34163279132791324,1.0,-0.11316755763725209,0.30796590204847035,0.2953908150787387,0.14384763688531688,0.03374066609437994,1.5420330620596319,0.12365962663780676,0.0362820671200005,0.211037186155613,0.01953125,1.0123968716141818,QSVM-favorable
matched,1000,XGBoost,0.5145011554137687,0.3470528455284553,1.0,-0.13056648499900242,0.36541449924543457,0.3652721893526916,0.13446365768230448,0.056727082781097546,1.3453380718122587,0.11774953437464837,0.023595424637073564,0.21190364411222318,0.01953125,0.8946284216855527,QSVM-favorable
matched,2000,QSVM_ZZ,0.6849960200014986,0.5244241192411925,1.0,-0.049809371221305396,0.995796048149655,0.8782760260224007,0.486552263884051,,,,,,,,
matched,2000,QSVM_Z,0.762765248015442,0.6185975609756097,1.0,0.17305552754564718,0.9692424901490977,0.8749618900040896,0.4598588028765847,-0.22237146462869198,-0.013349243292230917,-0.0777692280139433,-0.13182237592887708,-0.02371608009900951,0.005859375,-1.0292232085970965,classical-favorable
matched,2000,SVM_Linear,0.7086396641378894,0.5520663956639567,1.0,0.036121912313552676,0.7622297956788576,0.6996182385210937,0.35725609378412226,-0.09538472732270983,0.422009055519033,-0.02364364413639064,-0.09352933869542798,0.0462420504226467,0.431640625,-0.2420186881163743,inconclusive
matched,2000,SVM_Poly2,0.7832728114610988,0.6669376693766937,1.0,0.2949085660003611,0.6986600061189023,0.6616651925095652,0.46602255927870184,-0.4270517490077628,0.4537847310838556,-0.09827679145960018,-0.22454014157494934,0.02798655865574899,0.083984375,-0.5567964211549735,inconclusive
matched,2000,SVM_RBF,0.7023545973332499,0.5432588075880759,1.0,0.02167625249575287,1.05292270971955,0.8657029401156328,0.6014026551068625,-0.06776206945578014,0.03222897467889285,-0.017358577331751224,-0.0775802620685887,0.04286310740508625,0.6953125,-0.20619778782937745,inconclusive
matched,2000,RandomForest,0.49722077159384714,0.3317411924119241,1.0,-0.12391834894455048,0.32418180447277695,0.3179117568806083,0.1390899550393656,0.12165458400318867,1.6082864764234415,0.1877752484076516,0.13979527423441415,0.23575522258088907,0.001953125,2.7996330351027146,QSVM-favorable
matched,2000,XGBoost,0.5180743777093164,0.35149051490514904,1.0,-0.12548331514122035,0.35136356101655747,0.3480415696374123,0.13705481748177792,0.12158137854097406,1.5252937917193967,0.16692164229218232,0.1257087166020542,0.20813456798231042,0.001953125,2.897356777518952,QSVM-favorable
natural,100,QSVM_ZZ,0.3333791748788081,0.2189024390243902,1.0,-0.32333994566126956,0.4289442208381347,0.49100064139034927,0.27729524970540737,,,,,,,,
natural,100,QSVM_Z,0.40605436888452545,0.2850948509485095,1.0,-0.3869839056570795,0.5767003439114576,0.6762966085535594,0.3475010444184298,0.2102192044466046,-0.643674757048122,-0.07267519400571751,-0.22258555046554124,0.07723516245410622,0.232421875,-0.3467986011939138,inconclusive
natural,100,SVM_Linear,0.10533931062251897,0.05877371273712732,1.0,-0.8021129801027207,0.39891808930631606,0.8535572438618878,0.28396983356894107,1.2136448830368691,-1.4631800688069672,0.228039864256289,0.06439807618921264,0.3916816523233654,0.01953125,0.9968718483171471,QSVM-favorable
natural,100,SVM_Poly2,0.16649044297764062,0.09539295392953927,1.0,-0.5193118869914333,0.4462614561176368,0.6137629023586737,0.3322891439817239,0.44027811232053493,-0.3148713160046998,0.16688873190116735,-0.05019939929742692,0.38397686309976164,0.130859375,0.5499379732785682,inconclusive
natural,100,SVM_RBF,0.20995591700885288,0.13570460704607043,1.0,-0.5951923421818635,0.41632822034425665,0.7158978863473846,0.2903943741392048,0.6811472551448425,-0.8201289806607045,0.12342325786995514,-0.0323972065971001,0.2792437223370104,0.10546875,0.5666244172525741,inconclusive
natural,100,RandomForest,0.25501907808277374,0.15287940379403792,1.0,-0.22189828824840702,0.21043379937771842,0.28383199969262185,0.1330830869688544,-0.3363120787447698,0.9135678963752569,0.07836009679603424,-0.02100545100292299,0.17772564459499146,0.193359375,0.5641335214997034,inconclusive
natural,100,XGBoost,0.27511841614788135,0.16737804878048776,1.0,-0.25425755300213326,0.24424797545994012,0.3362888782469399,0.12801647577091016,-0.2378102502357735,0.6683889647016914,0.058260758730926634,-0.026666439004533124,0.14318795646638638,0.232421875,0.4907407428546004,inconclusive
natural,200,QSVM_ZZ,0.33769835750673494,0.2224593495934959,1.0,-0.340469899376584,0.43365927334720544,0.49556751985395275,0.2889387103036797,,,,,,,,
natural,200,QSVM_Z,0.3915525237606484,0.2691056910569106,1.0,-0.4595590526036563,0.5801475124160617,0.7241220159196284,0.32370526680614187,0.35690002632409706,-0.7936860341771304,-0.053854166253913496,-0.2491247834870121,0.1414164509791851,0.76953125,-0.19729004952671042,inconclusive
natural,200,SVM_Linear,0.09116895568588394,0.047764227642276356,1.0,-0.8614444819766023,0.3729722198964718,0.9067565509277845,0.2339758238299931,1.3018377004500246,-1.628568682987972,0.24652940182085104,0.09253435771364937,0.4005244459280527,0.005859375,1.1452089977297868,QSVM-favorable
natural,200,SVM_Poly2,0.25423940373173515,0.16344850948509482,1.0,-0.5163991837946487,0.6832369159948207,0.7516168380450716,0.4925278011272914,0.3743824946943123,-0.5184962266294445,0.08345895377499978,-0.043804066528535426,0.210721974078535,0.16015625,0.46913030042533177,inconclusive
natural,200,SVM_RBF,0.3011289098775016,0.19132791327913273,1.0,-0.5937528904016796,0.5718331764177532,0.8248086035002118,0.2904759743091528,0.5470035321642776,-1.1572512270686062,0.036569447629233295,-0.08847066641569805,0.16160956167416463,0.4921875,0.2092145157489564,inconclusive
natural,200,RandomForest,0.35025733647849233,0.22201897018970188,1.0,-0.18361179180062032,0.25961049149764637,0.2918142011912871,0.14438734400435707,-0.46318771772262457,0.8462177149912484,-0.012558978971757413,-0.12888838676190703,0.1037704288183922,0.76953125,-0.0772302765917439,inconclusive
natural,200,XGBoost,0.3968579117302225,0.25464092140921407,1.0,-0.20334504081648053,0.31173944054324876,0.35862053210435674,0.12810553773658934,-0.38441853540146276,0.5329435233976446,-0.05915955422348753,-0.16655360632547525,0.0482344978785002,0.322265625,-0.3940646138179799,inconclusive
natural,500,QSVM_ZZ,0.3730910401844637,0.23489159891598915,1.0,-0.44234959940483165,0.6084544165871144,0.6710833010016652,0.36573451837639037,,,,,,,,
natural,500,QSVM_Z,0.41199668618612506,0.28475609756097564,1.0,-0.43256795650657487,0.6999742568930892,0.7800135727095006,0.39410593384948245,0.04171554787064953,-0.29500973662974156,-0.03890564600166134,-0.17008771110954846,0.09227641910622576,0.4921875,-0.21215874689614944,inconclusive
natural,500,SVM_Linear,0.09536413955307003,0.0501693766937669,1.0,-0.908838803090935,0.42697540471329837,0.9552604318176545,0.30573937328073375,0.8929742371837243,-0.8526614083430986,0.27772690063139366,0.18495123397548532,0.370502567287302,0.001953125,2.1414435864670085,QSVM-favorable
natural,500,SVM_Poly2,0.3026331246146589,0.1979674796747967,1.0,-0.5763862567330836,0.7863837220373782,0.8328536024219424,0.5595303048885236,0.20542347583305776,-0.24568708072072662,0.07045791556980478,-0.0936015989002053,0.23451743003981484,0.322265625,0.30722117303578517,inconclusive
natural,500,SVM_RBF,0.46073159476401876,0.31649728997289966,1.0,-0.3894207418952216,0.7890458095400792,0.8176204974856155,0.40587705867630486,-0.04601676385627701,-0.3968380880703596,-0.08764055457955502,-0.16807699081904448,-0.007204118340065568,0.048828125,-0.7794263258372021,classical-favorable
natural,500,RandomForest,0.32014163603719215,0.20023712737127367,1.0,-0.22206076379502374,0.2529105740940109,0.31478797060607977,0.13990080915645892,-0.4907811237944175,1.2920108579053033,0.0529494041472716,-0.03813061761461098,0.14402942590915419,0.4921875,0.4158730003689404,inconclusive
natural,500,XGBoost,0.33112859842243625,0.20592818428184279,1.0,-0.24051347912407822,0.2806904576641091,0.3584147291858667,0.1200918598591106,-0.43388192315932733,1.1455277975675053,0.04196244176202746,-0.04825788706590518,0.13218277058996009,0.556640625,0.33272016291481765,inconclusive
natural,1000,QSVM_ZZ,0.48563730331197175,0.32635501355013546,1.0,-0.39194809657466967,0.8610856722107417,0.8601835992226435,0.43729764442734914,,,,,,,,
natural,1000,QSVM_Z,0.3998083362304543,0.2633130081300813,1.0,-0.499429504280711,0.7793960708136006,0.8324384444276836,0.46050387256386277,0.1492404612560976,0.037292909421436454,0.08582896708151735,-0.02950280066326677,0.20116073482630148,0.064453125,0.5323628132533244,inconclusive
natural,1000,SVM_Linear,0.0895029110136964,0.0468495934959349,1.0,-0.9094059831892526,0.4262414630231336,0.9565421152701609,0.30256373816589605,0.7787289423836729,-0.30672224749007865,0.3961343922982753,0.32191315808011134,0.47035562651643925,0.001953125,3.8180107917649457,QSVM-favorable
natural,1000,SVM_Poly2,0.2989710323051261,0.19569783197831972,1.0,-0.5641319284069162,0.799530212839662,0.9003249024346995,0.48893920042531125,0.260196018388673,-0.12336288040375684,0.18666627100684557,0.00038219376422668483,0.3729503482494645,0.083984375,0.716824583470027,inconclusive
natural,1000,SVM_RBF,0.3814947755297084,0.2547425474254742,1.0,-0.4583667061033424,0.7906452451098822,0.8899476964803821,0.4238787470811829,0.11597620860437974,-0.11316385443604574,0.10414252778226332,-0.04761450244462381,0.25589955800915043,0.30078125,0.4909102157765124,inconclusive
natural,1000,RandomForest,0.3875439907388469,0.24684959349593488,1.0,-0.2031531601011934,0.2909223311198984,0.3277867374641134,0.14336128700809983,-0.32869201505371615,1.5975188946852623,0.09809331257312481,0.017431119749334714,0.17875550539691493,0.037109375,0.8699457096587606,QSVM-favorable
natural,1000,XGBoost,0.42722887205682925,0.27828590785907853,1.0,-0.20539609364216238,0.3397221884848457,0.38480408687578627,0.12165839264338014,-0.3164325193188152,1.4280553526776822,0.0584084312551425,-0.019347348974717446,0.13616421148500246,0.275390625,0.5373603678306793,inconclusive
natural,2000,QSVM_ZZ,0.4883566007560045,0.3274728997289972,1.0,-0.35580231404574125,1.0287130263392503,0.9526569080280188,0.5599571000206972,,,,,,,,
natural,2000,QSVM_Z,0.42403231038980627,0.2734756097560975,1.0,-0.4599911091548677,0.7595028750926982,0.7679337479206529,0.4483633874363928,0.10096916030429721,0.36090304857014754,0.06432429036619829,-0.02094999499262766,0.14959857572502422,0.16015625,0.539609627234005,inconclusive
natural,2000,SVM_Linear,0.08876197988826802,0.04644308943089425,1.0,-0.9289789413964652,0.4497107367815942,0.9765071133358454,0.33282107522684884,0.7178255140422359,-0.08653315150615908,0.3995946208677366,0.33348298774586577,0.46570625398960747,0.001953125,4.323789295894734,QSVM-favorable
natural,2000,SVM_Poly2,0.17491496832342496,0.10819783197831971,1.0,-0.6532013578286681,0.6250136605861238,0.8586730302746088,0.35984903413512737,0.34921889404267414,0.18850296097057312,0.3134416324325796,0.16048894760088972,0.4663943172642695,0.009765625,1.4659607749030394,QSVM-favorable
natural,2000,SVM_RBF,0.602857599430874,0.4401084010840107,1.0,-0.16345023336566183,0.8920075348329313,0.7937865543678417,0.46039110383334486,-0.21917739032932712,0.3140950185589043,-0.11450099867486944,-0.20657544512363485,-0.022426552226104027,0.037109375,-0.8895962267683453,classical-favorable
natural,2000,RandomForest,0.3800392911902523,0.2360433604336043,1.0,-0.20024391891740984,0.30319703462717573,0.33457803055953816,0.144288350253723,-0.23247609775456962,1.5517045844346495,0.10831730956575222,0.033231964653858206,0.18340265447764625,0.009765625,1.031966164967952,QSVM-favorable
natural,2000,XGBoost,0.4034182082153631,0.25443766937669376,1.0,-0.21618102041242238,0.3446538986505238,0.38632844152852763,0.12920475326464947,-0.20758078644137007,1.428996460366442,0.08493839254064149,0.011838788091858232,0.15803799698942475,0.048828125,0.8312119626935471,QSVM-favorable
natural,5000,QSVM_ZZ,0.5093377580947348,0.3420731707317073,1.0,-0.45224887511451967,1.161719525190403,1.0706261972496107,0.6488674328194978,,,,,,,,
natural,5000,QSVM_Z,0.4122335840212671,0.26476964769647693,1.0,-0.4696491165632775,0.8101933110071057,0.7941445253197775,0.5037286996116266,0.01518629241965514,0.47241318308031544,0.09710417407346775,0.015383286535949114,0.17882506161098638,0.064453125,0.850016973813962,inconclusive
natural,5000,SVM_Linear,0.0887630187998694,0.046443089430894244,1.0,-0.9671333708028206,0.4821248261881637,1.013113025587125,0.3760034423425467,0.5784003279275723,0.100121425604039,0.4205747392948654,0.40125718619563455,0.4398922923940962,0.001953125,15.574490344917095,QSVM-favorable
natural,5000,SVM_Poly2,0.10705187219786687,0.056571815718157156,1.0,-0.6641504967535659,0.8467432632420365,0.9485509332781236,0.5119508786403854,0.21131020797233163,0.21002760943439508,0.402285885896868,0.38036040019612455,0.4242113715976114,0.001953125,13.125273053408055,QSVM-favorable
natural,5000,SVM_RBF,0.6057526948858323,0.4382791327913279,1.0,-0.19635048743449565,0.9515110557954195,0.8431886812730782,0.505143354792658,-0.2415783532665904,0.3871092254288643,-0.09641493679109739,-0.1509218807532298,-0.04190799282896498,0.013671875,-1.2653633804924542,classical-favorable
natural,5000,RandomForest,0.3409328862458293,0.20582655826558258,1.0,-0.2351730868860243,0.2957487055077798,0.3536298681647857,0.13394158357169858,-0.2615332424940894,1.5419706800370245,0.1684048718489056,0.1387674118939663,0.1980423318038449,0.001953125,4.064774385503378,QSVM-favorable
natural,5000,XGBoost,0.3493140113515147,0.21185636856368556,1.0,-0.2631561830922517,0.3223682503336797,0.39809917460289107,0.12366385174485843,-0.22659899912982318,1.4503839084939387,0.16002374674322012,0.13183493496213314,0.1882125585243071,0.001953125,4.0609761504338575,QSVM-favorable
natural,10000,QSVM_ZZ,0.5068540274753359,0.3400067750677506,1.0,-0.5049522345752036,1.4396511945110226,1.2780955407874734,0.8389655162337576,,,,,,,,
natural,10000,QSVM_Z,0.421195150550305,0.26863143631436304,1.0,-0.4855287618453592,0.9175641742970745,0.8771901730538978,0.5583017088246813,-0.017025542960457496,0.5621606540020212,0.0856588769250308,0.03201271824788022,0.13930503560218138,0.00390625,1.1422377794984875,QSVM-favorable
natural,10000,SVM_Linear,0.0886397105983455,0.04637533875338749,1.0,-0.9779219887998758,0.484095079904141,1.0231263888682764,0.37932552673570796,0.4406455388902872,0.3861261893576098,0.4182143168769903,0.3951851684922926,0.44124346526168795,0.001953125,12.991036175378174,QSVM-favorable
natural,10000,SVM_Poly2,0.10946266507715127,0.05792682926829266,1.0,-0.6392795466172675,0.9062516848159123,0.9538124587412584,0.5706558790185811,0.11224868937359352,0.4587372745106282,0.3973913623981845,0.3715813718959191,0.4232013529004499,0.001953125,11.014209999018826,QSVM-favorable
natural,10000,SVM_RBF,0.5846283053142163,0.4169715447154472,1.0,-0.3482114188239069,0.952533866954461,0.8377275698505524,0.5904076458438652,-0.1286789387651462,0.6037238841425868,-0.07777427783888045,-0.14181238063632035,-0.013736175041440576,0.064453125,-0.8688009845467906,inconclusive
natural,10000,RandomForest,0.3306265662602271,0.19823848238482378,1.0,-0.24910346605659978,0.2984707262064127,0.36572326634029695,0.1318294796309065,-0.25154018311900067,1.5209619273080939,0.17622746121510874,0.14303283676573267,0.2094220856644848,0.001953125,3.7977694730110154,QSVM-favorable
natural,10000,XGBoost,0.3342100787371517,0.20091463414634142,1.0,-0.2777921999534617,0.32809749975936486,0.41243892606438665,0.12208719067793634,-0.22273653633783153,1.44513881715496,0.17264394873818417,0.14259384414911344,0.2026940533272549,0.001953125,4.109870587566053,QSVM-favorable
