n,run_id,kernel,f1_macro,kta,offdiag_mean,offdiag_std
4,1,ZZ,0.8731924360400445,0.196701816143863,0.14139899977875728,0.21138430456987628
4,1,Z,0.8197997775305895,0.06427368600128693,0.3490306759099979,0.3308378990710253
4,2,ZZ,0.8598442714126808,0.19371339778130375,0.1421028514356565,0.20984004179193894
4,2,Z,0.8330662393162394,0.06549726702490054,0.34533204452435606,0.3294062815485305
4,3,ZZ,0.8431922063190205,0.1970698479202567,0.14040576843143174,0.20454195455120205
4,3,Z,0.8432898027229786,0.06706645139016826,0.3478440617522021,0.32876031206299955
4,4,ZZ,0.8333036984352773,0.1989197531893043,0.1418929181782161,0.21045916953043936
4,4,Z,0.8633318147979422,0.059088076724302004,0.3612756315300414,0.32938098412955186
4,5,ZZ,0.8432479905726451,0.18455567165141687,0.13719599971842228,0.2026440298054285
4,5,Z,0.822890559732665,0.06419552314942788,0.33870163514051943,0.3263172902475727
4,6,ZZ,0.8199679943100995,0.19040784824641976,0.14006551096215777,0.21037715881874278
4,6,Z,0.8097442116623461,0.062296177468802186,0.3417337408282495,0.3258046449760925
4,7,ZZ,0.8531701890989989,0.1926822543866528,0.14386099244813064,0.2110409283386912
4,7,Z,0.8432898027229786,0.06380504883867234,0.3568109691293876,0.3302847891026667
4,8,ZZ,0.8465575520370041,0.19412751330698677,0.1400535355632047,0.20846525127337576
4,8,Z,0.8332666399893291,0.06179370317413839,0.34847341744272464,0.3284089103634735
4,9,ZZ,0.8166646296069957,0.19765066513181967,0.14676657877632693,0.21077109400848326
4,9,Z,0.8332666399893291,0.062238354673174,0.34028939158748117,0.330231996102244
4,10,ZZ,0.8797380962986059,0.20598858713476662,0.14335599856135034,0.21658577638565435
4,10,Z,0.8533333333333334,0.06096899677390002,0.35829798184523143,0.33279230483927713
5,1,ZZ,0.8333259255966932,0.22100530577475946,0.07985942732957925,0.1863371734750937
5,1,Z,0.8265973055889022,0.08072911118313013,0.2820999284952939,0.2976692984237365
5,2,ZZ,0.8061151720449278,0.22597030539433258,0.07920596792981015,0.18473378547280103
5,2,Z,0.8599751066856329,0.08189929337353022,0.28054643355162284,0.30005541880210285
5,3,ZZ,0.8199679943100995,0.21308621423660432,0.07685986975563458,0.17827433639467172
5,3,Z,0.8366503316998366,0.08163021968361293,0.2815605007041104,0.2970939304649721
5,4,ZZ,0.7765450078376005,0.22603905557377835,0.07942799092173876,0.18352321213133874
5,4,Z,0.8466394025604552,0.07423126297626965,0.2950991839730803,0.30167700951305537
5,5,ZZ,0.8299527646568491,0.2072825545682737,0.07567737743802086,0.17413738832621717
5,5,Z,0.8097442116623461,0.0771786904751361,0.27546694647133146,0.29697086378253135
5,6,ZZ,0.8032262009316183,0.2158942480206951,0.07896876540771475,0.1850295373595474
5,6,Z,0.8131256952169077,0.07741936281617136,0.27636436031544637,0.29496458172030776
5,7,ZZ,0.8664529914529915,0.2222870844125403,0.07947576312188932,0.1848973665580077
5,7,Z,0.8499983333148147,0.07853447271825362,0.2902422114339992,0.30126517087592175
5,8,ZZ,0.8133250366682965,0.2166075530367825,0.07856029515797755,0.18200976641756828
5,8,Z,0.7998576765700054,0.07821149948512773,0.28267913878497225,0.29834386426164455
5,9,ZZ,0.7999199679871949,0.21486538140285968,0.07847874121386722,0.18321965105787366
5,9,Z,0.8599751066856329,0.07871302762229186,0.2757855215240535,0.29838045665295365
5,10,ZZ,0.8433176650998433,0.2274493660803409,0.08296430780799861,0.19050612205462894
5,10,Z,0.8633196652998634,0.07531838950142669,0.29200833416301225,0.3027146156537336
6,1,ZZ,0.8466394025604552,0.213174067020618,0.0578968018692283,0.17426428306022718
6,1,Z,0.8499983333148147,0.16907468391376523,0.22318809060026026,0.2715136393757182
6,2,ZZ,0.8230954950544621,0.2191884589145625,0.05748086233436221,0.17134379029567756
6,2,Z,0.8499583217560434,0.17273649899155083,0.2202378829468354,0.2725721470248744
6,3,ZZ,0.8132586367880486,0.21138791797899759,0.054515090778502535,0.16529610193379185
6,3,Z,0.8333036984352773,0.17247678157902552,0.22268187651988033,0.2704748410527795
6,4,ZZ,0.8166157265907197,0.21845404450567327,0.05710164989706569,0.17051225662151623
6,4,Z,0.8499182888461496,0.16571023810259303,0.23334968990988472,0.27469246888058485
6,5,ZZ,0.8466394025604552,0.20303516082893203,0.05291345776680572,0.16005104117843372
6,5,Z,0.8264738598442714,0.1644196318630178,0.21779509456499127,0.26950144828381745
6,6,ZZ,0.8032786885245902,0.21211049878781035,0.05747644611864128,0.17262951288395068
6,6,Z,0.8399359743897559,0.1620758528073188,0.21850203918693814,0.2682566134767231
6,7,ZZ,0.8431922063190205,0.21454243562934644,0.057397159250541854,0.17163093215904462
6,7,Z,0.866642958748222,0.17291197325943014,0.2276767149363189,0.27378312668071003
6,8,ZZ,0.8133001422475107,0.21254400173517657,0.05623163457141576,0.1692665403553581
6,8,Z,0.8197997775305895,0.17117534017399139,0.22203302083155235,0.27138431235656246
6,9,ZZ,0.8333036984352773,0.2133865561697202,0.05631033204216065,0.17001319889933608
6,9,Z,0.8265973055889022,0.1721247685729128,0.21664884132190268,0.27025483808362893
6,10,ZZ,0.8562049247026563,0.22052000658585427,0.060269291310303126,0.17751061558150283
6,10,Z,0.8599937775012223,0.17042660083117414,0.2292711854655137,0.27514326954800605
7,1,ZZ,0.8466053087901828,0.1832834530334578,0.04065999782227585,0.14910447464726542
7,1,Z,0.8230954950544621,0.17056565695744583,0.20950702327020598,0.263483342003333
7,2,ZZ,0.822890559732665,0.18745603015264659,0.03877463122230312,0.14163366808507766
7,2,Z,0.8432479905726451,0.17446964842431442,0.2054591994383699,0.2635323141850003
7,3,ZZ,0.813200498132005,0.17724759544421204,0.03658228286954527,0.13776141657603683
7,3,Z,0.8062447107033095,0.17309993391418285,0.20794189861666182,0.26067748616519293
7,4,ZZ,0.7865148550080057,0.1828718175972899,0.038806648366494896,0.14282386558024796
7,4,Z,0.8331479421579533,0.16681330200984978,0.21788901014742024,0.2663050112610895
7,5,ZZ,0.8299527646568491,0.16818099558980126,0.03498381920655513,0.13096935678507768
7,5,Z,0.7991071428571428,0.1648100367637722,0.20353417516172156,0.2604017956493598
7,6,ZZ,0.8232370957521318,0.1828512267230995,0.04006261416600119,0.1468723563914897
7,6,Z,0.8366212836899138,0.1641273535582147,0.20403324963458355,0.26029700725660265
7,7,ZZ,0.8466053087901828,0.18024584371093763,0.03884374600877559,0.14287678470396503
7,7,Z,0.8466053087901828,0.17373277525309144,0.21166849751026603,0.26480333801833283
7,8,ZZ,0.8333259255966932,0.17970580469771336,0.03801738367513188,0.13997569601508875
7,8,Z,0.8063568376068376,0.1727634069465414,0.20820622370172934,0.26287018796069006
7,9,ZZ,0.8498648783905515,0.17915591225237648,0.03825072140613823,0.1418129497915864
7,9,Z,0.8265433196940046,0.17342973964142708,0.20282794599941095,0.26207642306105
7,10,ZZ,0.869755429640102,0.18794374157296867,0.041981885918432604,0.15053527704873546
7,10,Z,0.866642958748222,0.1720791061012744,0.21495440931122836,0.26739870651639686
8,1,ZZ,0.8299829982998299,0.1815218884369175,0.032563828546419704,0.14227240196466956
8,1,Z,0.8265973055889022,0.178260952436695,0.19179791220821407,0.26158556467172045
8,2,ZZ,0.7922159167076277,0.18536759608598777,0.031114879885573227,0.13450914655589286
8,2,Z,0.8398220244716352,0.1817283928705209,0.1877633245148314,0.26205369017903823
8,3,ZZ,0.7860581208771618,0.17541924282480853,0.029198628392440206,0.13095499879624
8,3,Z,0.8131256952169077,0.17914556603449844,0.18928598306406594,0.258525475455166
8,4,ZZ,0.7827903091060986,0.18146106531152623,0.030961314138994497,0.13504835625934442
8,4,Z,0.8432479905726451,0.17451031722125734,0.20014991199521084,0.26488327612951706
8,5,ZZ,0.7927438045997504,0.16479997874721403,0.027372902465143206,0.12382565969852773
8,5,Z,0.8059681520139168,0.17085142770940195,0.18446630872444772,0.25841552726734013
8,6,ZZ,0.813034188034188,0.18035356939121322,0.03217033160015328,0.13949153652511118
8,6,Z,0.8365776922991406,0.17162302792033404,0.18699770863087742,0.2586626395456331
8,7,ZZ,0.8398861412560042,0.17718221117932914,0.031011277440519555,0.1355226752905162
8,7,Z,0.84998499849985,0.18050500765338873,0.19460306210639722,0.26369219889463946
8,8,ZZ,0.7898856043846094,0.17634018821981365,0.030295865085358413,0.1332873447645676
8,8,Z,0.7994294883223391,0.17972616021063384,0.18929930525940397,0.26102492163130897
8,9,ZZ,0.8233156648998233,0.1753919728184493,0.030466664934207795,0.1345854914456907
8,9,Z,0.8164198533584041,0.18053453413490236,0.18480320863230876,0.26053411706114005
8,10,ZZ,0.846496106785317,0.18468254853242502,0.033831664578781305,0.1433244883154922
8,10,Z,0.8765555666766757,0.17915897866140967,0.19735469228774977,0.2665921494322178
9,1,ZZ,0.8598442714126808,0.17636212490765332,0.028003920621618737,0.1353356955887508
9,1,Z,0.8365195342474894,0.18292260224220463,0.17367698299548753,0.255222792923223
9,2,ZZ,0.7780667144906743,0.1812340386670086,0.026225735257622892,0.12589879745497246
9,2,Z,0.8431922063190205,0.18822441996290457,0.1705782960240863,0.2559634096951019
9,3,ZZ,0.7788104919790875,0.17053516777285846,0.024548019260531465,0.1232469462676955
9,3,Z,0.7997775305895439,0.18191317196058915,0.1720128609791105,0.25191786701151087
9,4,ZZ,0.7826353512947131,0.17716226809344068,0.026293299499737112,0.12789254026952834
9,4,Z,0.8399359743897559,0.18187940484056042,0.1812046537414224,0.2588565096693223
9,5,ZZ,0.7992773986350863,0.1598978634038791,0.022682083890828743,0.11590978184105837
9,5,Z,0.8262883613202086,0.17579793260072438,0.16672693217784393,0.2508286102138436
9,6,ZZ,0.8165667974786273,0.1765074859854708,0.02741174495544219,0.1318990746524272
9,6,Z,0.8299829982998299,0.1768046478005841,0.16912260701344584,0.25232011139879695
9,7,ZZ,0.8531701890989989,0.1729675253916053,0.026390456669376436,0.12807447139781133
9,7,Z,0.8599937775012223,0.18716283359467836,0.17651332010864126,0.25705797663034924
9,8,ZZ,0.7891542743671839,0.1714725840403281,0.025524052508654495,0.1255684972534429
9,8,Z,0.7961570593149541,0.18367996794779431,0.17194646194514984,0.25465522646220423
9,9,ZZ,0.856626840789108,0.1715821721877013,0.02579301122742679,0.12719076908672017
9,9,Z,0.8466394025604552,0.18490088851589315,0.16785383550505034,0.2539411826252363
9,10,ZZ,0.8466053087901828,0.18088654504938514,0.02906638863125861,0.1357015638567462
9,10,Z,0.8931623931623931,0.1841786783931378,0.17977952731376765,0.26065187968451153
10,1,ZZ,0.8927566021716788,0.16640701742536826,0.024184966619500516,0.12702618159280987
10,1,Z,0.8198719089130049,0.18317702119987747,0.16631044958481708,0.25181469969174053
10,2,ZZ,0.764616212338594,0.1688748942929766,0.02190428322239654,0.11575596781439544
10,2,Z,0.8332666399893291,0.18863631823953592,0.1630671410476666,0.25213360562621295
10,3,ZZ,0.7751048951048951,0.1591921382565699,0.020599232461834996,0.11393749344858133
10,3,Z,0.7896049248032417,0.18233363787176826,0.16420405217441006,0.24821670220318023
10,4,ZZ,0.7654050672505475,0.16644727700360407,0.022467206216657015,0.11941976396029717
10,4,Z,0.8433315925732507,0.1826381074538343,0.17394288362842802,0.2555536350341459
10,5,ZZ,0.7748428941089491,0.1472053338721465,0.018806613236387368,0.10698061043550591
10,5,Z,0.8330662393162394,0.17630186508857687,0.15877169967289687,0.24704847671018346
10,6,ZZ,0.8164198533584041,0.1657594247144317,0.02362210496367737,0.1236903261904417
10,6,Z,0.8299829982998299,0.17725979021755972,0.16126767684082624,0.24915394483375283
10,7,ZZ,0.8396507950648078,0.16152555853064277,0.022317488300103338,0.11873190199483415
10,7,Z,0.8499983333148147,0.18763475861876622,0.16978702580767516,0.25372710760029415
10,8,ZZ,0.7651637144390768,0.15851476300027004,0.021289374146695843,0.11603317719608301
10,8,Z,0.7930021367521367,0.18456054761897378,0.16359819628382646,0.2508423614589814
10,9,ZZ,0.8565375504620825,0.16047879431173584,0.021701249093249976,0.11785551810436096
10,9,Z,0.8266358463726885,0.1850051915472487,0.16071203222828542,0.2508029638083967
10,10,ZZ,0.8630762209036968,0.16985933123522803,0.02498965767083375,0.12707035942412456
10,10,Z,0.8729720092708148,0.18504841797669305,0.1726821626385432,0.2576899278118533
