dataset,arm,test_split,n_train,comparison,baseline,baseline_family,metric,mean_delta,median_delta,ci_low,ci_high,raw_p,wilcoxon_p,effect_size_dz,positive_run_fraction,verdict_uncorrected,verdict,n_runs,holm_p
UNSW-NB15,tuned_once,fixed_300,100,QSVM_ZZ_vs_QSVM_Z,QSVM_Z,entanglement,f1_macro,-0.025307042823303195,-0.018552319045239074,-0.0832008177463732,0.0325867320997668,0.625,0.625,-0.31270318574668077,0.4,inconclusive,inconclusive,10,0.625
UNSW-NB15,tuned_once,fixed_300,100,QSVM_ZZ_vs_SVM_Linear,SVM_Linear,classical_kernel,f1_macro,-0.038374268923666195,-0.03374082939872575,-0.11745669937793396,0.04070816153060156,0.375,0.375,-0.34712259257123834,0.4,inconclusive,inconclusive,10,0.375
UNSW-NB15,tuned_once,fixed_300,100,QSVM_ZZ_vs_SVM_Poly2,SVM_Poly2,classical_kernel,f1_macro,0.042517287168883325,0.05387485829933536,0.008100872017347618,0.07693370232041903,0.037109375,0.037109375,0.883736288787807,0.8,QSVM-favorable,inconclusive,10,0.07421875
UNSW-NB15,tuned_once,fixed_300,100,QSVM_ZZ_vs_SVM_RBF,SVM_RBF,classical_kernel,f1_macro,0.19570511658726727,0.1981351237626996,0.15636533744668363,0.23504489572785092,0.001953125,0.001953125,3.5587135907448473,1.0,QSVM-favorable,QSVM-favorable,10,0.005859375
UNSW-NB15,tuned_once,fixed_300,100,QSVM_ZZ_vs_RandomForest,RandomForest,strong_tabular,f1_macro,-0.11029946098215952,-0.10129992864360149,-0.1567137421305798,-0.06388517983373926,0.001953125,0.001953125,-1.6999828325708153,0.0,classical-favorable,classical-favorable,10,0.00390625
UNSW-NB15,tuned_once,fixed_300,100,QSVM_ZZ_vs_XGBoost,XGBoost,strong_tabular,f1_macro,-0.11688611176194526,-0.10248859132533306,-0.16440573031309197,-0.06936649321079855,0.001953125,0.001953125,-1.7595950853639322,0.0,classical-favorable,classical-favorable,10,0.00390625
UNSW-NB15,tuned_once,fixed_300,500,QSVM_ZZ_vs_QSVM_Z,QSVM_Z,entanglement,f1_macro,0.008962598883760331,0.013327686961199903,-0.02276543904574256,0.04069063681326322,0.556640625,0.556640625,0.2020754331291666,0.5,inconclusive,inconclusive,10,0.556640625
UNSW-NB15,tuned_once,fixed_300,500,QSVM_ZZ_vs_SVM_Linear,SVM_Linear,classical_kernel,f1_macro,0.0563203487783394,0.035230255275695066,-0.0070967017871945565,0.11973739934387335,0.083984375,0.083984375,0.6353047025362296,0.7,inconclusive,inconclusive,10,0.083984375
UNSW-NB15,tuned_once,fixed_300,500,QSVM_ZZ_vs_SVM_Poly2,SVM_Poly2,classical_kernel,f1_macro,0.09475952521240645,0.08361391379777144,0.04735394233117046,0.14216510809364244,0.001953125,0.001953125,1.4299345487855522,1.0,QSVM-favorable,QSVM-favorable,10,0.005859375
UNSW-NB15,tuned_once,fixed_300,500,QSVM_ZZ_vs_SVM_RBF,SVM_RBF,classical_kernel,f1_macro,0.11210215815049111,0.13309202367393175,0.05457605325563177,0.16962826304535045,0.001953125,0.001953125,1.3940289048552577,1.0,QSVM-favorable,QSVM-favorable,10,0.005859375
UNSW-NB15,tuned_once,fixed_300,500,QSVM_ZZ_vs_RandomForest,RandomForest,strong_tabular,f1_macro,-0.0549553740073491,-0.04510273697638173,-0.07843128893055257,-0.03147945908414563,0.001953125,0.001953125,-1.674597409513589,0.0,classical-favorable,classical-favorable,10,0.00390625
UNSW-NB15,tuned_once,fixed_300,500,QSVM_ZZ_vs_XGBoost,XGBoost,strong_tabular,f1_macro,-0.06808027665636594,-0.05839212811907646,-0.09003076072934454,-0.04612979258338734,0.001953125,0.001953125,-2.218707154913152,0.0,classical-favorable,classical-favorable,10,0.00390625
UNSW-NB15,tuned_once,fixed_300,1000,QSVM_ZZ_vs_QSVM_Z,QSVM_Z,entanglement,f1_macro,-0.010440934025015624,0.004587117483544401,-0.032431306094982244,0.011549438044950996,0.556640625,0.556640625,-0.33964838047373486,0.6,inconclusive,inconclusive,10,0.556640625
UNSW-NB15,tuned_once,fixed_300,1000,QSVM_ZZ_vs_SVM_Linear,SVM_Linear,classical_kernel,f1_macro,0.02406532589137783,0.006841205482347512,-0.03948033349132313,0.08761098527407879,0.4921875,0.4921875,0.27091224228477034,0.5,inconclusive,inconclusive,10,0.4921875
UNSW-NB15,tuned_once,fixed_300,1000,QSVM_ZZ_vs_SVM_Poly2,SVM_Poly2,classical_kernel,f1_macro,0.08255430356234672,0.06654337496944096,0.046471455246939575,0.11863715187775387,0.001953125,0.001953125,1.6366721012350605,1.0,QSVM-favorable,QSVM-favorable,10,0.005859375
UNSW-NB15,tuned_once,fixed_300,1000,QSVM_ZZ_vs_SVM_RBF,SVM_RBF,classical_kernel,f1_macro,0.04135672761111944,0.0451166211967135,-9.529933093040815e-05,0.0828087545531693,0.083984375,0.083984375,0.7137122810983815,0.8,inconclusive,inconclusive,10,0.16796875
UNSW-NB15,tuned_once,fixed_300,1000,QSVM_ZZ_vs_RandomForest,RandomForest,strong_tabular,f1_macro,-0.054814263717673804,-0.05827739918775132,-0.08659225611511846,-0.023036271320229146,0.009765625,0.009765625,-1.2339282357965542,0.1,classical-favorable,classical-favorable,10,0.01171875
UNSW-NB15,tuned_once,fixed_300,1000,QSVM_ZZ_vs_XGBoost,XGBoost,strong_tabular,f1_macro,-0.061307249556300014,-0.061739179728059146,-0.09581859970456513,-0.026795899408034896,0.005859375,0.005859375,-1.2707866880824088,0.1,classical-favorable,classical-favorable,10,0.01171875
UNSW-NB15,tuned_once,fixed_300,2000,QSVM_ZZ_vs_QSVM_Z,QSVM_Z,entanglement,f1_macro,-0.0010953168216063958,-0.00805545933888907,-0.021202792079443315,0.01901215843623052,0.845703125,0.845703125,-0.03896771934390853,0.4,inconclusive,inconclusive,10,0.845703125
UNSW-NB15,tuned_once,fixed_300,2000,QSVM_ZZ_vs_SVM_Linear,SVM_Linear,classical_kernel,f1_macro,0.11038409394467315,0.14347241444445213,0.044792036750881406,0.17597615113846488,0.009765625,0.009765625,1.2038656400017667,0.8,QSVM-favorable,QSVM-favorable,10,0.009765625
UNSW-NB15,tuned_once,fixed_300,2000,QSVM_ZZ_vs_SVM_Poly2,SVM_Poly2,classical_kernel,f1_macro,0.08034984912380902,0.07552679344719176,0.06008596560142594,0.1006137326461921,0.001953125,0.001953125,2.8365154883035033,1.0,QSVM-favorable,QSVM-favorable,10,0.005859375
UNSW-NB15,tuned_once,fixed_300,2000,QSVM_ZZ_vs_SVM_RBF,SVM_RBF,classical_kernel,f1_macro,0.038349971341113266,0.03301113464150879,0.018139962582548276,0.058559980099678256,0.001953125,0.001953125,1.3574421055614818,1.0,QSVM-favorable,QSVM-favorable,10,0.005859375
UNSW-NB15,tuned_once,fixed_300,2000,QSVM_ZZ_vs_RandomForest,RandomForest,strong_tabular,f1_macro,-0.056631131890086596,-0.0552050061574656,-0.07565627816567912,-0.037605985614494075,0.001953125,0.001953125,-2.129364510720289,0.0,classical-favorable,classical-favorable,10,0.00390625
UNSW-NB15,tuned_once,fixed_300,2000,QSVM_ZZ_vs_XGBoost,XGBoost,strong_tabular,f1_macro,-0.056282289224861524,-0.06187278567942878,-0.07359906819241208,-0.03896551025731098,0.001953125,0.001953125,-2.3250238601698836,0.0,classical-favorable,classical-favorable,10,0.00390625
UNSW-NB15,tuned_once,fixed_300,5000,QSVM_ZZ_vs_QSVM_Z,QSVM_Z,entanglement,f1_macro,0.011306007544559248,0.004837357603134473,-0.011946348536003064,0.03455836362512156,0.556640625,0.556640625,0.3478284328665462,0.7,inconclusive,inconclusive,10,0.556640625
UNSW-NB15,tuned_once,fixed_300,5000,QSVM_ZZ_vs_SVM_Linear,SVM_Linear,classical_kernel,f1_macro,0.14958924284382427,0.14926646229593193,0.10324424348914375,0.1959342421985048,0.00390625,0.00390625,2.308980459969416,0.9,QSVM-favorable,QSVM-favorable,10,0.01171875
UNSW-NB15,tuned_once,fixed_300,5000,QSVM_ZZ_vs_SVM_Poly2,SVM_Poly2,classical_kernel,f1_macro,0.06782198515798406,0.060539711170908395,0.023263067560100596,0.11238090275586751,0.013671875,0.013671875,1.088826391548352,0.9,QSVM-favorable,QSVM-favorable,10,0.02734375
UNSW-NB15,tuned_once,fixed_300,5000,QSVM_ZZ_vs_SVM_RBF,SVM_RBF,classical_kernel,f1_macro,0.024853078853503286,0.022561453348782845,-0.022289388896512805,0.07199554660351938,0.193359375,0.193359375,0.37712963366201796,0.7,inconclusive,inconclusive,10,0.193359375
UNSW-NB15,tuned_once,fixed_300,5000,QSVM_ZZ_vs_RandomForest,RandomForest,strong_tabular,f1_macro,-0.07105820722142123,-0.08090949732913061,-0.09986384583144593,-0.04225256861139652,0.00390625,0.00390625,-1.7646537870557084,0.1,classical-favorable,classical-favorable,10,0.00390625
UNSW-NB15,tuned_once,fixed_300,5000,QSVM_ZZ_vs_XGBoost,XGBoost,strong_tabular,f1_macro,-0.0707636714419204,-0.08056703270941978,-0.0998734848568081,-0.04165385802703271,0.001953125,0.001953125,-1.7389764866004778,0.0,classical-favorable,classical-favorable,10,0.00390625
UNSW-NB15,tuned_once,fixed_300,10000,QSVM_ZZ_vs_QSVM_Z,QSVM_Z,entanglement,f1_macro,0.03233752531575366,0.017532216337385553,0.0030493244714393797,0.06162572616006794,0.01953125,0.01953125,0.7898358857750173,0.8,QSVM-favorable,QSVM-favorable,10,0.01953125
UNSW-NB15,tuned_once,fixed_300,10000,QSVM_ZZ_vs_SVM_Linear,SVM_Linear,classical_kernel,f1_macro,0.15117200296855757,0.16557312441261263,0.08284329023096142,0.2195007157061537,0.00390625,0.00390625,1.582671939515013,0.9,QSVM-favorable,QSVM-favorable,10,0.0078125
UNSW-NB15,tuned_once,fixed_300,10000,QSVM_ZZ_vs_SVM_Poly2,SVM_Poly2,classical_kernel,f1_macro,0.0721107991528533,0.06152898992780498,0.033212933980780346,0.11100866432492626,0.001953125,0.001953125,1.3261642493967254,1.0,QSVM-favorable,QSVM-favorable,10,0.005859375
UNSW-NB15,tuned_once,fixed_300,10000,QSVM_ZZ_vs_SVM_RBF,SVM_RBF,classical_kernel,f1_macro,0.011491095719613265,0.008021855775467324,-0.026643595885970206,0.049625787325196735,0.6953125,0.6953125,0.21555791679699152,0.5,inconclusive,inconclusive,10,0.6953125
UNSW-NB15,tuned_once,fixed_300,10000,QSVM_ZZ_vs_RandomForest,RandomForest,strong_tabular,f1_macro,-0.06875638366070215,-0.08298061405179724,-0.09634203658795937,-0.04117073073344493,0.001953125,0.001953125,-1.783004883406334,0.0,classical-favorable,classical-favorable,10,0.00390625
UNSW-NB15,tuned_once,fixed_300,10000,QSVM_ZZ_vs_XGBoost,XGBoost,strong_tabular,f1_macro,-0.05879313008773546,-0.06729276440938614,-0.0836257261751695,-0.03396053400030141,0.00390625,0.00390625,-1.6936639038387022,0.1,classical-favorable,classical-favorable,10,0.00390625
UNSW-NB15,tuned_once,full_test,100,QSVM_ZZ_vs_QSVM_Z,QSVM_Z,entanglement,f1_macro,-0.022479273799528743,-0.02152720009677017,-0.06618214566738548,0.021223598068327985,0.431640625,0.431640625,-0.36795530971788604,0.3,inconclusive,inconclusive,10,0.431640625
UNSW-NB15,tuned_once,full_test,100,QSVM_ZZ_vs_SVM_Linear,SVM_Linear,classical_kernel,f1_macro,-0.024092784958646286,-0.005494849096008725,-0.09103202619193926,0.04284645627464668,0.4921875,0.4921875,-0.25747139923751916,0.5,inconclusive,inconclusive,10,0.4921875
UNSW-NB15,tuned_once,full_test,100,QSVM_ZZ_vs_SVM_Poly2,SVM_Poly2,classical_kernel,f1_macro,0.04660882700333202,0.0523104940375958,0.025628995505214906,0.06758865850144913,0.00390625,0.00390625,1.5892380393530763,0.9,QSVM-favorable,QSVM-favorable,10,0.0078125
UNSW-NB15,tuned_once,full_test,100,QSVM_ZZ_vs_SVM_RBF,SVM_RBF,classical_kernel,f1_macro,0.22231707020360378,0.22309385880159976,0.19077776129931034,0.2538563791078972,0.001953125,0.001953125,5.042471030925588,1.0,QSVM-favorable,QSVM-favorable,10,0.005859375
UNSW-NB15,tuned_once,full_test,100,QSVM_ZZ_vs_RandomForest,RandomForest,strong_tabular,f1_macro,-0.09545980326696726,-0.09085378540052236,-0.12129585358012036,-0.06962375295381416,0.001953125,0.001953125,-2.643121865839563,0.0,classical-favorable,classical-favorable,10,0.00390625
UNSW-NB15,tuned_once,full_test,100,QSVM_ZZ_vs_XGBoost,XGBoost,strong_tabular,f1_macro,-0.10059468990758949,-0.09180701135276553,-0.1294406866302104,-0.07174869318496857,0.001953125,0.001953125,-2.4946652674663876,0.0,classical-favorable,classical-favorable,10,0.00390625
UNSW-NB15,tuned_once,full_test,500,QSVM_ZZ_vs_QSVM_Z,QSVM_Z,entanglement,f1_macro,0.014930024560063315,0.013235155140484234,-0.007693835028067492,0.03755388414819412,0.275390625,0.275390625,0.4720810847392347,0.6,inconclusive,inconclusive,10,0.275390625
UNSW-NB15,tuned_once,full_test,500,QSVM_ZZ_vs_SVM_Linear,SVM_Linear,classical_kernel,f1_macro,0.06321183202878243,0.05555441549321277,0.0032136721669364862,0.12320999189062837,0.048828125,0.048828125,0.753673457402197,0.8,QSVM-favorable,QSVM-favorable,10,0.048828125
UNSW-NB15,tuned_once,full_test,500,QSVM_ZZ_vs_SVM_Poly2,SVM_Poly2,classical_kernel,f1_macro,0.09357323009366311,0.08013824905353423,0.056979495151964724,0.13016696503536151,0.001953125,0.001953125,1.8292272288721234,1.0,QSVM-favorable,QSVM-favorable,10,0.005859375
UNSW-NB15,tuned_once,full_test,500,QSVM_ZZ_vs_SVM_RBF,SVM_RBF,classical_kernel,f1_macro,0.11530195420228995,0.1213224928620178,0.0734197236689097,0.1571841847356702,0.001953125,0.001953125,1.969380526301793,1.0,QSVM-favorable,QSVM-favorable,10,0.005859375
UNSW-NB15,tuned_once,full_test,500,QSVM_ZZ_vs_RandomForest,RandomForest,strong_tabular,f1_macro,-0.04317705025650539,-0.03670215470441224,-0.0545469183415883,-0.03180718217142248,0.001953125,0.001953125,-2.716566353215377,0.0,classical-favorable,classical-favorable,10,0.00390625
UNSW-NB15,tuned_once,full_test,500,QSVM_ZZ_vs_XGBoost,XGBoost,strong_tabular,f1_macro,-0.04765683274803019,-0.04307724139140784,-0.05994714709234734,-0.03536651840371304,0.001953125,0.001953125,-2.7738626912138966,0.0,classical-favorable,classical-favorable,10,0.00390625
UNSW-NB15,tuned_once,full_test,1000,QSVM_ZZ_vs_QSVM_Z,QSVM_Z,entanglement,f1_macro,-0.00023694375739792274,0.00628201264165168,-0.018282572255751372,0.017808684740955528,1.0,1.0,-0.009392820715372011,0.6,inconclusive,inconclusive,10,1.0
UNSW-NB15,tuned_once,full_test,1000,QSVM_ZZ_vs_SVM_Linear,SVM_Linear,classical_kernel,f1_macro,0.041924099963839265,0.016765956283535943,-0.026240604765464567,0.1100888046931431,0.322265625,0.322265625,0.43997395066605477,0.6,inconclusive,inconclusive,10,0.322265625
UNSW-NB15,tuned_once,full_test,1000,QSVM_ZZ_vs_SVM_Poly2,SVM_Poly2,classical_kernel,f1_macro,0.07247548883400529,0.0588106303379024,0.03182853890505254,0.11312243876295802,0.001953125,0.001953125,1.2755161590630393,1.0,QSVM-favorable,QSVM-favorable,10,0.005859375
UNSW-NB15,tuned_once,full_test,1000,QSVM_ZZ_vs_SVM_RBF,SVM_RBF,classical_kernel,f1_macro,0.050100348724491074,0.035025264451132854,0.006287370177459541,0.0939133272715226,0.02734375,0.02734375,0.8180140141152654,0.9,QSVM-favorable,inconclusive,10,0.0546875
UNSW-NB15,tuned_once,full_test,1000,QSVM_ZZ_vs_RandomForest,RandomForest,strong_tabular,f1_macro,-0.03890191576010339,-0.042190362516077995,-0.05457342277455918,-0.023230408745647607,0.00390625,0.00390625,-1.7757548185256895,0.1,classical-favorable,classical-favorable,10,0.00390625
UNSW-NB15,tuned_once,full_test,1000,QSVM_ZZ_vs_XGBoost,XGBoost,strong_tabular,f1_macro,-0.0440353078026684,-0.0462791715919294,-0.058456681545254734,-0.029613934060082066,0.001953125,0.001953125,-2.184324607728621,0.0,classical-favorable,classical-favorable,10,0.00390625
UNSW-NB15,tuned_once,full_test,2000,QSVM_ZZ_vs_QSVM_Z,QSVM_Z,entanglement,f1_macro,0.002945347783084129,0.0025630545106523073,-0.008727907827151101,0.01461860339331936,0.6953125,0.6953125,0.1804959085507561,0.5,inconclusive,inconclusive,10,0.6953125
UNSW-NB15,tuned_once,full_test,2000,QSVM_ZZ_vs_SVM_Linear,SVM_Linear,classical_kernel,f1_macro,0.12240792410974481,0.15374979200057237,0.0569174548695027,0.18789839334998693,0.009765625,0.009765625,1.3370701855291096,0.8,QSVM-favorable,QSVM-favorable,10,0.009765625
UNSW-NB15,tuned_once,full_test,2000,QSVM_ZZ_vs_SVM_Poly2,SVM_Poly2,classical_kernel,f1_macro,0.07329680673018071,0.07024231976806528,0.057316172071972454,0.08927744138838897,0.001953125,0.001953125,3.2810572296701688,1.0,QSVM-favorable,QSVM-favorable,10,0.005859375
UNSW-NB15,tuned_once,full_test,2000,QSVM_ZZ_vs_SVM_RBF,SVM_RBF,classical_kernel,f1_macro,0.04049583417517787,0.037505335347214175,0.02115580860255038,0.05983585974780535,0.001953125,0.001953125,1.4978767495145917,1.0,QSVM-favorable,QSVM-favorable,10,0.005859375
UNSW-NB15,tuned_once,full_test,2000,QSVM_ZZ_vs_RandomForest,RandomForest,strong_tabular,f1_macro,-0.038985186774341506,-0.038416746789093015,-0.049184978883707514,-0.028785394664975494,0.001953125,0.001953125,-2.7342050005090615,0.0,classical-favorable,classical-favorable,10,0.00390625
UNSW-NB15,tuned_once,full_test,2000,QSVM_ZZ_vs_XGBoost,XGBoost,strong_tabular,f1_macro,-0.04345985204037097,-0.041492048257746106,-0.053862987803433605,-0.033056716277308336,0.001953125,0.001953125,-2.9884552117380143,0.0,classical-favorable,classical-favorable,10,0.00390625
UNSW-NB15,tuned_once,full_test,5000,QSVM_ZZ_vs_QSVM_Z,QSVM_Z,entanglement,f1_macro,0.014426689444366814,0.008306371192827067,-0.006809835820584989,0.035663214709318616,0.16015625,0.16015625,0.4859661265468003,0.7,inconclusive,inconclusive,10,0.16015625
UNSW-NB15,tuned_once,full_test,5000,QSVM_ZZ_vs_SVM_Linear,SVM_Linear,classical_kernel,f1_macro,0.15760270038351556,0.16162287409808357,0.10891054214132825,0.20629485862570288,0.00390625,0.00390625,2.315407330236033,0.9,QSVM-favorable,QSVM-favorable,10,0.01171875
UNSW-NB15,tuned_once,full_test,5000,QSVM_ZZ_vs_SVM_Poly2,SVM_Poly2,classical_kernel,f1_macro,0.0546613119321839,0.05128523222183179,0.013154258824440088,0.0961683650399277,0.01953125,0.01953125,0.9420651203207021,0.9,QSVM-favorable,QSVM-favorable,10,0.0390625
UNSW-NB15,tuned_once,full_test,5000,QSVM_ZZ_vs_SVM_RBF,SVM_RBF,classical_kernel,f1_macro,0.021971501754422106,0.02367220832785666,-0.019235307213365166,0.06317831072220938,0.232421875,0.232421875,0.38142884412280725,0.6,inconclusive,inconclusive,10,0.232421875
UNSW-NB15,tuned_once,full_test,5000,QSVM_ZZ_vs_RandomForest,RandomForest,strong_tabular,f1_macro,-0.04500857066976551,-0.05760900598486768,-0.06288675581522125,-0.027130385524309773,0.001953125,0.001953125,-1.8009205964996573,0.0,classical-favorable,classical-favorable,10,0.00390625
UNSW-NB15,tuned_once,full_test,5000,QSVM_ZZ_vs_XGBoost,XGBoost,strong_tabular,f1_macro,-0.04311243986867216,-0.05194232529173126,-0.060515483946898194,-0.025709395790446125,0.001953125,0.001953125,-1.7721486801200685,0.0,classical-favorable,classical-favorable,10,0.00390625
UNSW-NB15,tuned_once,full_test,10000,QSVM_ZZ_vs_QSVM_Z,QSVM_Z,entanglement,f1_macro,0.02853657102854338,0.018736768128665315,0.00707309675768885,0.05000004529939791,0.00390625,0.00390625,0.9510964022125277,0.9,QSVM-favorable,QSVM-favorable,10,0.00390625
UNSW-NB15,tuned_once,full_test,10000,QSVM_ZZ_vs_SVM_Linear,SVM_Linear,classical_kernel,f1_macro,0.15860324780734725,0.17383197656997884,0.09597623985279494,0.22123025576189956,0.00390625,0.00390625,1.8116453641007026,0.9,QSVM-favorable,QSVM-favorable,10,0.0078125
UNSW-NB15,tuned_once,full_test,10000,QSVM_ZZ_vs_SVM_Poly2,SVM_Poly2,classical_kernel,f1_macro,0.05440761359911585,0.03576104226459198,0.02059207416734355,0.08822315303088815,0.001953125,0.001953125,1.1509756395884028,1.0,QSVM-favorable,QSVM-favorable,10,0.005859375
UNSW-NB15,tuned_once,full_test,10000,QSVM_ZZ_vs_SVM_RBF,SVM_RBF,classical_kernel,f1_macro,0.009730357270052104,-0.0007062982817179764,-0.022107137554054707,0.04156785209415892,0.76953125,0.76953125,0.21863146925188123,0.5,inconclusive,inconclusive,10,0.76953125
UNSW-NB15,tuned_once,full_test,10000,QSVM_ZZ_vs_RandomForest,RandomForest,strong_tabular,f1_macro,-0.05010209590020668,-0.05738498505206596,-0.06866915993413754,-0.03153503186627582,0.001953125,0.001953125,-1.9303472126944272,0.0,classical-favorable,classical-favorable,10,0.00390625
UNSW-NB15,tuned_once,full_test,10000,QSVM_ZZ_vs_XGBoost,XGBoost,strong_tabular,f1_macro,-0.040987797116077085,-0.048593538814776294,-0.0583208879959229,-0.023654706236231268,0.001953125,0.001953125,-1.691614261458892,0.0,classical-favorable,classical-favorable,10,0.00390625
UNSW-NB15,tuned_per_N,fixed_300,100,QSVM_ZZ_vs_QSVM_Z,QSVM_Z,entanglement,f1_macro,-0.02254807800626088,-0.0074720049244569875,-0.08282205461363745,0.037725898601115686,0.734375,0.734375,-0.26761007363449674,0.4,inconclusive,inconclusive,10,0.734375
UNSW-NB15,tuned_per_N,fixed_300,100,QSVM_ZZ_vs_SVM_Linear,SVM_Linear,classical_kernel,f1_macro,-0.03658289542041176,-0.01317686146797753,-0.12447069511429454,0.051304904273471015,0.4921875,0.4921875,-0.29776404655190886,0.5,inconclusive,inconclusive,10,1.0
UNSW-NB15,tuned_per_N,fixed_300,100,QSVM_ZZ_vs_SVM_Poly2,SVM_Poly2,classical_kernel,f1_macro,0.025925468402002983,0.04735758468372872,-0.045652569360508724,0.09750350616451468,0.4921875,0.4921875,0.25910130315992475,0.7,inconclusive,inconclusive,10,1.0
UNSW-NB15,tuned_per_N,fixed_300,100,QSVM_ZZ_vs_SVM_RBF,SVM_RBF,classical_kernel,f1_macro,-0.0376494964985024,-0.02567488258377104,-0.10556335517137794,0.030264362174373144,0.375,0.375,-0.3965733629751609,0.5,inconclusive,inconclusive,10,1.0
UNSW-NB15,tuned_per_N,fixed_300,100,QSVM_ZZ_vs_RandomForest,RandomForest,strong_tabular,f1_macro,-0.0920415981770467,-0.062167704673227464,-0.15466101179217584,-0.029422184561917544,0.00390625,0.00390625,-1.051472524115419,0.1,classical-favorable,classical-favorable,10,0.0078125
UNSW-NB15,tuned_per_N,fixed_300,100,QSVM_ZZ_vs_XGBoost,XGBoost,strong_tabular,f1_macro,-0.09405441110156043,-0.0848434854695242,-0.15539324409704028,-0.03271557810608059,0.005859375,0.005859375,-1.0968984774044097,0.1,classical-favorable,classical-favorable,10,0.0078125
UNSW-NB15,tuned_per_N,fixed_300,500,QSVM_ZZ_vs_QSVM_Z,QSVM_Z,entanglement,f1_macro,0.014870472344184016,0.02535047805015328,-0.013094910944739047,0.04283585563310708,0.16015625,0.16015625,0.38038795951963034,0.6,inconclusive,inconclusive,10,0.16015625
UNSW-NB15,tuned_per_N,fixed_300,500,QSVM_ZZ_vs_SVM_Linear,SVM_Linear,classical_kernel,f1_macro,0.05966068467608806,0.06414195136853912,-0.015221622203483866,0.13454299155566,0.193359375,0.193359375,0.569943482999462,0.7,inconclusive,inconclusive,10,0.38671875
UNSW-NB15,tuned_per_N,fixed_300,500,QSVM_ZZ_vs_SVM_Poly2,SVM_Poly2,classical_kernel,f1_macro,0.05122519180602021,0.06336163205519169,0.011625005839400342,0.09082537777264008,0.02734375,0.02734375,0.9253566321379649,0.7,QSVM-favorable,inconclusive,10,0.08203125
UNSW-NB15,tuned_per_N,fixed_300,500,QSVM_ZZ_vs_SVM_RBF,SVM_RBF,classical_kernel,f1_macro,-0.00016584382497752959,0.0024030559653875905,-0.03851165427154571,0.03817996662159065,0.76953125,0.76953125,-0.003093884941500399,0.6,inconclusive,inconclusive,10,0.76953125
UNSW-NB15,tuned_per_N,fixed_300,500,QSVM_ZZ_vs_RandomForest,RandomForest,strong_tabular,f1_macro,-0.05135067874486009,-0.03889482573466513,-0.07139459208493021,-0.03130676540478996,0.001953125,0.001953125,-1.8326791801170381,0.0,classical-favorable,classical-favorable,10,0.00390625
UNSW-NB15,tuned_per_N,fixed_300,500,QSVM_ZZ_vs_XGBoost,XGBoost,strong_tabular,f1_macro,-0.04318190709588382,-0.0324092968406533,-0.0657727796535606,-0.02059103453820705,0.00390625,0.00390625,-1.3673874426566592,0.1,classical-favorable,classical-favorable,10,0.00390625
UNSW-NB15,tuned_per_N,fixed_300,1000,QSVM_ZZ_vs_QSVM_Z,QSVM_Z,entanglement,f1_macro,-0.0009147900116478036,-0.0017953325322142555,-0.024686030743255743,0.022856450719960137,0.921875,0.921875,-0.02752912057615496,0.5,inconclusive,inconclusive,10,0.921875
UNSW-NB15,tuned_per_N,fixed_300,1000,QSVM_ZZ_vs_SVM_Linear,SVM_Linear,classical_kernel,f1_macro,-0.010841225036418923,-0.036253486216636155,-0.07738207955995387,0.05569962948711603,0.6953125,0.6953125,-0.11655012930802303,0.4,inconclusive,inconclusive,10,1.0
UNSW-NB15,tuned_per_N,fixed_300,1000,QSVM_ZZ_vs_SVM_Poly2,SVM_Poly2,classical_kernel,f1_macro,0.01811482559612877,0.01875026168289956,-0.015828514127787113,0.05205816532004465,0.322265625,0.322265625,0.3817704944783173,0.7,inconclusive,inconclusive,10,0.966796875
UNSW-NB15,tuned_per_N,fixed_300,1000,QSVM_ZZ_vs_SVM_RBF,SVM_RBF,classical_kernel,f1_macro,-0.006011332910829536,-0.003289374998999728,-0.03215905593061811,0.02013639010895904,0.556640625,0.556640625,-0.1644597699232251,0.5,inconclusive,inconclusive,10,1.0
UNSW-NB15,tuned_per_N,fixed_300,1000,QSVM_ZZ_vs_RandomForest,RandomForest,strong_tabular,f1_macro,-0.06450455175387892,-0.06893391282168204,-0.09068609115214166,-0.0383230123556162,0.001953125,0.001953125,-1.7624546770057876,0.0,classical-favorable,classical-favorable,10,0.00390625
UNSW-NB15,tuned_per_N,fixed_300,1000,QSVM_ZZ_vs_XGBoost,XGBoost,strong_tabular,f1_macro,-0.05363987529321231,-0.05852138934878981,-0.08079497073411855,-0.026484779852306076,0.005859375,0.005859375,-1.4130554359459875,0.1,classical-favorable,classical-favorable,10,0.005859375
UNSW-NB15,tuned_per_N,fixed_300,2000,QSVM_ZZ_vs_QSVM_Z,QSVM_Z,entanglement,f1_macro,0.021819119672360044,0.027182360981369835,-0.006337502925105539,0.049975742269825624,0.130859375,0.130859375,0.5543441116133041,0.7,inconclusive,inconclusive,10,0.130859375
UNSW-NB15,tuned_per_N,fixed_300,2000,QSVM_ZZ_vs_SVM_Linear,SVM_Linear,classical_kernel,f1_macro,0.12389101914871156,0.15163285029525608,0.0508029918652205,0.19697904643220263,0.009765625,0.009765625,1.2125966376409965,0.8,QSVM-favorable,QSVM-favorable,10,0.01953125
UNSW-NB15,tuned_per_N,fixed_300,2000,QSVM_ZZ_vs_SVM_Poly2,SVM_Poly2,classical_kernel,f1_macro,0.061263339611668056,0.06541139166117688,0.032918698835831955,0.08960798038750416,0.00390625,0.00390625,1.5461530601366449,0.9,QSVM-favorable,QSVM-favorable,10,0.01171875
UNSW-NB15,tuned_per_N,fixed_300,2000,QSVM_ZZ_vs_SVM_RBF,SVM_RBF,classical_kernel,f1_macro,0.029747886724843343,0.0246841336507998,0.0035435740980347963,0.05595219935165189,0.02734375,0.02734375,0.8120936622042394,0.9,QSVM-favorable,QSVM-favorable,10,0.02734375
UNSW-NB15,tuned_per_N,fixed_300,2000,QSVM_ZZ_vs_RandomForest,RandomForest,strong_tabular,f1_macro,-0.04554883969460534,-0.030785642114622203,-0.07383808854869732,-0.017259590840513355,0.00390625,0.00390625,-1.1518042491175406,0.1,classical-favorable,classical-favorable,10,0.0078125
UNSW-NB15,tuned_per_N,fixed_300,2000,QSVM_ZZ_vs_XGBoost,XGBoost,strong_tabular,f1_macro,-0.019420155816896968,-0.015285228213375968,-0.04772460765014048,0.008884296016346542,0.232421875,0.232421875,-0.4908182875432725,0.3,inconclusive,inconclusive,10,0.232421875
UNSW-NB15,tuned_per_N,fixed_300,5000,QSVM_ZZ_vs_QSVM_Z,QSVM_Z,entanglement,f1_macro,0.05939798896676618,0.05093275900737254,0.02585523545114575,0.09294074248238661,0.001953125,0.001953125,1.2667642681259943,1.0,QSVM-favorable,QSVM-favorable,10,0.001953125
UNSW-NB15,tuned_per_N,fixed_300,5000,QSVM_ZZ_vs_SVM_Linear,SVM_Linear,classical_kernel,f1_macro,0.1779459719379269,0.1919768393525823,0.12745088546112845,0.22844105841472537,0.001953125,0.001953125,2.5209359721355806,1.0,QSVM-favorable,QSVM-favorable,10,0.005859375
UNSW-NB15,tuned_per_N,fixed_300,5000,QSVM_ZZ_vs_SVM_Poly2,SVM_Poly2,classical_kernel,f1_macro,0.062381578370752054,0.052226310882295957,0.01999003690119676,0.10477311984030735,0.005859375,0.005859375,1.0526886106492854,0.9,QSVM-favorable,QSVM-favorable,10,0.005859375
UNSW-NB15,tuned_per_N,fixed_300,5000,QSVM_ZZ_vs_SVM_RBF,SVM_RBF,classical_kernel,f1_macro,0.06384414783919082,0.061499644072725124,0.033159454130491,0.09452884154789064,0.001953125,0.001953125,1.488408276000759,1.0,QSVM-favorable,QSVM-favorable,10,0.005859375
UNSW-NB15,tuned_per_N,fixed_300,5000,QSVM_ZZ_vs_RandomForest,RandomForest,strong_tabular,f1_macro,-0.04612153162199355,-0.05092067021033164,-0.07390819960732381,-0.01833486363666328,0.009765625,0.009765625,-1.1873808035262103,0.2,classical-favorable,classical-favorable,10,0.01953125
UNSW-NB15,tuned_per_N,fixed_300,5000,QSVM_ZZ_vs_XGBoost,XGBoost,strong_tabular,f1_macro,-0.028463575755296122,-0.027386260480329216,-0.0509985889160197,-0.005928562594572539,0.009765625,0.009765625,-0.9035546302967618,0.2,classical-favorable,classical-favorable,10,0.01953125
UNSW-NB15,tuned_per_N,fixed_300,10000,QSVM_ZZ_vs_QSVM_Z,QSVM_Z,entanglement,f1_macro,0.057512827910112294,0.05240780898696035,0.023263754001221354,0.09176190181900323,0.001953125,0.001953125,1.2012645578927856,1.0,QSVM-favorable,QSVM-favorable,10,0.001953125
UNSW-NB15,tuned_per_N,fixed_300,10000,QSVM_ZZ_vs_SVM_Linear,SVM_Linear,classical_kernel,f1_macro,0.16431425682731998,0.19641799296416323,0.09281094618372286,0.2358175674709171,0.005859375,0.005859375,1.6438866580142943,0.9,QSVM-favorable,QSVM-favorable,10,0.005859375
UNSW-NB15,tuned_per_N,fixed_300,10000,QSVM_ZZ_vs_SVM_Poly2,SVM_Poly2,classical_kernel,f1_macro,0.0860370049269901,0.07049789743278811,0.05305313436669583,0.11902087548728436,0.001953125,0.001953125,1.8659776611433974,1.0,QSVM-favorable,QSVM-favorable,10,0.005859375
UNSW-NB15,tuned_per_N,fixed_300,10000,QSVM_ZZ_vs_SVM_RBF,SVM_RBF,classical_kernel,f1_macro,0.05658736357304247,0.05078697922398567,0.031168206367284717,0.08200652077880022,0.001953125,0.001953125,1.592506037669868,1.0,QSVM-favorable,QSVM-favorable,10,0.005859375
UNSW-NB15,tuned_per_N,fixed_300,10000,QSVM_ZZ_vs_RandomForest,RandomForest,strong_tabular,f1_macro,-0.0367659244406943,-0.03252197497012338,-0.0529822830163502,-0.0205495658650384,0.001953125,0.001953125,-1.6218658356833071,0.0,classical-favorable,classical-favorable,10,0.00390625
UNSW-NB15,tuned_per_N,fixed_300,10000,QSVM_ZZ_vs_XGBoost,XGBoost,strong_tabular,f1_macro,-0.02886837576625658,-0.03184466946552361,-0.041794318523438116,-0.015942433009075045,0.00390625,0.00390625,-1.597654604889396,0.1,classical-favorable,classical-favorable,10,0.00390625
UNSW-NB15,tuned_per_N,full_test,100,QSVM_ZZ_vs_QSVM_Z,QSVM_Z,entanglement,f1_macro,-0.028081919908988125,-0.015721031968164545,-0.06583580637756409,0.009671966559587838,0.130859375,0.130859375,-0.5320934404072618,0.3,inconclusive,inconclusive,10,0.130859375
UNSW-NB15,tuned_per_N,full_test,100,QSVM_ZZ_vs_SVM_Linear,SVM_Linear,classical_kernel,f1_macro,-0.030136387903806135,-0.0007549297067084848,-0.10687851058857381,0.046605734780961534,0.625,0.625,-0.28091838554626747,0.5,inconclusive,inconclusive,10,1.0
UNSW-NB15,tuned_per_N,full_test,100,QSVM_ZZ_vs_SVM_Poly2,SVM_Poly2,classical_kernel,f1_macro,0.019157410486392412,0.03496615935522085,-0.043377289030470945,0.08169211000325577,0.6953125,0.6953125,0.21914850471553096,0.6,inconclusive,inconclusive,10,1.0
UNSW-NB15,tuned_per_N,full_test,100,QSVM_ZZ_vs_SVM_RBF,SVM_RBF,classical_kernel,f1_macro,-0.03357357635870657,-0.032358774047115124,-0.08562487763853285,0.018477724921119702,0.232421875,0.232421875,-0.4614118977971178,0.4,inconclusive,inconclusive,10,0.697265625
UNSW-NB15,tuned_per_N,full_test,100,QSVM_ZZ_vs_RandomForest,RandomForest,strong_tabular,f1_macro,-0.08979826508696391,-0.07002051290871009,-0.13774495797535627,-0.04185157219857155,0.001953125,0.001953125,-1.3397755966959652,0.0,classical-favorable,classical-favorable,10,0.00390625
UNSW-NB15,tuned_per_N,full_test,100,QSVM_ZZ_vs_XGBoost,XGBoost,strong_tabular,f1_macro,-0.0901382830437551,-0.08308759837829377,-0.13611844500746015,-0.044158121080050045,0.001953125,0.001953125,-1.4023665971117607,0.0,classical-favorable,classical-favorable,10,0.00390625
UNSW-NB15,tuned_per_N,full_test,500,QSVM_ZZ_vs_QSVM_Z,QSVM_Z,entanglement,f1_macro,0.01769010486973921,0.02546982537620296,-0.006323310713857826,0.041703520453336244,0.193359375,0.193359375,0.5269862024358319,0.7,inconclusive,inconclusive,10,0.193359375
UNSW-NB15,tuned_per_N,full_test,500,QSVM_ZZ_vs_SVM_Linear,SVM_Linear,classical_kernel,f1_macro,0.06319158622072135,0.07858933138948443,-0.009584427379594973,0.13596759982103768,0.064453125,0.064453125,0.6211461079813422,0.8,inconclusive,inconclusive,10,0.193359375
UNSW-NB15,tuned_per_N,full_test,500,QSVM_ZZ_vs_SVM_Poly2,SVM_Poly2,classical_kernel,f1_macro,0.03502971918561195,0.04700680750904146,-0.0024902045924914407,0.07254964296371534,0.083984375,0.083984375,0.6678785298669736,0.7,inconclusive,inconclusive,10,0.193359375
UNSW-NB15,tuned_per_N,full_test,500,QSVM_ZZ_vs_SVM_RBF,SVM_RBF,classical_kernel,f1_macro,-0.0005067795052147494,0.0023289818606073154,-0.034542145732310583,0.03352858672188108,0.6953125,0.6953125,-0.010651515145770807,0.5,inconclusive,inconclusive,10,0.6953125
UNSW-NB15,tuned_per_N,full_test,500,QSVM_ZZ_vs_RandomForest,RandomForest,strong_tabular,f1_macro,-0.04127997769627564,-0.03443442624154747,-0.059442747633654154,-0.02311720775889712,0.001953125,0.001953125,-1.6258487678453697,0.0,classical-favorable,classical-favorable,10,0.00390625
UNSW-NB15,tuned_per_N,full_test,500,QSVM_ZZ_vs_XGBoost,XGBoost,strong_tabular,f1_macro,-0.035055824001260984,-0.022826663305876904,-0.05297661005853743,-0.01713503794398453,0.001953125,0.001953125,-1.3993485393801646,0.0,classical-favorable,classical-favorable,10,0.00390625
UNSW-NB15,tuned_per_N,full_test,1000,QSVM_ZZ_vs_QSVM_Z,QSVM_Z,entanglement,f1_macro,0.002119715600366856,0.0037849914812517205,-0.01963310091832183,0.023872532119055538,0.845703125,0.845703125,0.06970836131097903,0.6,inconclusive,inconclusive,10,0.845703125
UNSW-NB15,tuned_per_N,full_test,1000,QSVM_ZZ_vs_SVM_Linear,SVM_Linear,classical_kernel,f1_macro,0.005693957457242072,-0.030208710923152415,-0.06111460894165304,0.07250252385613719,1.0,1.0,0.060968405833187356,0.4,inconclusive,inconclusive,10,1.0
UNSW-NB15,tuned_per_N,full_test,1000,QSVM_ZZ_vs_SVM_Poly2,SVM_Poly2,classical_kernel,f1_macro,0.011590294715348282,0.010115278858001564,-0.017961533057557853,0.04114212248825441,0.556640625,0.556640625,0.28056462126722576,0.6,inconclusive,inconclusive,10,1.0
UNSW-NB15,tuned_per_N,full_test,1000,QSVM_ZZ_vs_SVM_RBF,SVM_RBF,classical_kernel,f1_macro,-0.004095621207043587,0.0033647905238600173,-0.030018230800205874,0.021826988386118698,0.76953125,0.76953125,-0.1130222211683253,0.5,inconclusive,inconclusive,10,1.0
UNSW-NB15,tuned_per_N,full_test,1000,QSVM_ZZ_vs_RandomForest,RandomForest,strong_tabular,f1_macro,-0.045849829107882656,-0.04664039871885001,-0.06699362143575807,-0.024706036780007247,0.00390625,0.00390625,-1.551235056667547,0.1,classical-favorable,classical-favorable,10,0.0078125
UNSW-NB15,tuned_per_N,full_test,1000,QSVM_ZZ_vs_XGBoost,XGBoost,strong_tabular,f1_macro,-0.04095935228598048,-0.04015251405928755,-0.0596616979779298,-0.02225700659403116,0.00390625,0.00390625,-1.5666781057562364,0.1,classical-favorable,classical-favorable,10,0.0078125
UNSW-NB15,tuned_per_N,full_test,2000,QSVM_ZZ_vs_QSVM_Z,QSVM_Z,entanglement,f1_macro,0.018498768201243864,0.019251097940428397,0.0006332664212726768,0.03636426998121505,0.048828125,0.048828125,0.7407136809079689,0.8,QSVM-favorable,QSVM-favorable,10,0.048828125
UNSW-NB15,tuned_per_N,full_test,2000,QSVM_ZZ_vs_SVM_Linear,SVM_Linear,classical_kernel,f1_macro,0.12910318187246625,0.1605553914655481,0.059868430996940725,0.19833793274799177,0.009765625,0.009765625,1.333937821214908,0.8,QSVM-favorable,QSVM-favorable,10,0.01953125
UNSW-NB15,tuned_per_N,full_test,2000,QSVM_ZZ_vs_SVM_Poly2,SVM_Poly2,classical_kernel,f1_macro,0.04894435358068183,0.05116092015212004,0.02922635744333489,0.06866234971802877,0.00390625,0.00390625,1.7756713764587304,0.9,QSVM-favorable,QSVM-favorable,10,0.01171875
UNSW-NB15,tuned_per_N,full_test,2000,QSVM_ZZ_vs_SVM_RBF,SVM_RBF,classical_kernel,f1_macro,0.01882743252592437,0.010828527059885795,0.0005074800842813747,0.037147384967567365,0.037109375,0.037109375,0.7351729717650308,0.9,QSVM-favorable,QSVM-favorable,10,0.037109375
UNSW-NB15,tuned_per_N,full_test,2000,QSVM_ZZ_vs_RandomForest,RandomForest,strong_tabular,f1_macro,-0.03452139375330106,-0.038095552855421766,-0.05153751980890632,-0.017505267697695795,0.00390625,0.00390625,-1.451277296868736,0.1,classical-favorable,classical-favorable,10,0.0078125
UNSW-NB15,tuned_per_N,full_test,2000,QSVM_ZZ_vs_XGBoost,XGBoost,strong_tabular,f1_macro,-0.01925070523883534,-0.015007322389238242,-0.03893040599695316,0.0004289955192824796,0.083984375,0.083984375,-0.6997629235660997,0.3,inconclusive,inconclusive,10,0.083984375
UNSW-NB15,tuned_per_N,full_test,5000,QSVM_ZZ_vs_QSVM_Z,QSVM_Z,entanglement,f1_macro,0.04237909838111999,0.029219447302527457,0.018161677396864438,0.06659651936537553,0.001953125,0.001953125,1.2518335753197598,1.0,QSVM-favorable,QSVM-favorable,10,0.001953125
UNSW-NB15,tuned_per_N,full_test,5000,QSVM_ZZ_vs_SVM_Linear,SVM_Linear,classical_kernel,f1_macro,0.1721472342026768,0.18502240803526426,0.12208362466013688,0.2222108437452167,0.00390625,0.00390625,2.4598049153046855,0.9,QSVM-favorable,QSVM-favorable,10,0.01171875
UNSW-NB15,tuned_per_N,full_test,5000,QSVM_ZZ_vs_SVM_Poly2,SVM_Poly2,classical_kernel,f1_macro,0.04048215735971887,0.028112360933749525,0.0030307611310323584,0.07793355358840538,0.048828125,0.048828125,0.7732472952152393,0.7,QSVM-favorable,QSVM-favorable,10,0.048828125
UNSW-NB15,tuned_per_N,full_test,5000,QSVM_ZZ_vs_SVM_RBF,SVM_RBF,classical_kernel,f1_macro,0.04069980503684525,0.03429388449639731,0.01389089184321355,0.06750871823047694,0.009765625,0.009765625,1.0860151769107507,0.8,QSVM-favorable,QSVM-favorable,10,0.01953125
UNSW-NB15,tuned_per_N,full_test,5000,QSVM_ZZ_vs_RandomForest,RandomForest,strong_tabular,f1_macro,-0.03232626061590936,-0.035196241136758566,-0.047490894543885,-0.017161626687933723,0.00390625,0.00390625,-1.5249173758911345,0.1,classical-favorable,classical-favorable,10,0.0078125
UNSW-NB15,tuned_per_N,full_test,5000,QSVM_ZZ_vs_XGBoost,XGBoost,strong_tabular,f1_macro,-0.01612504130761322,-0.00883138500150027,-0.030265359613762102,-0.001984723001464338,0.01953125,0.01953125,-0.8157637903700738,0.1,classical-favorable,classical-favorable,10,0.01953125
UNSW-NB15,tuned_per_N,full_test,10000,QSVM_ZZ_vs_QSVM_Z,QSVM_Z,entanglement,f1_macro,0.04490246749510849,0.024105499225724025,0.019217502658394066,0.07058743233182291,0.001953125,0.001953125,1.2505872763288568,1.0,QSVM-favorable,QSVM-favorable,10,0.001953125
UNSW-NB15,tuned_per_N,full_test,10000,QSVM_ZZ_vs_SVM_Linear,SVM_Linear,classical_kernel,f1_macro,0.1596663373235591,0.19124939926414136,0.0909587521939836,0.2283739224531346,0.005859375,0.005859375,1.66238439089433,0.9,QSVM-favorable,QSVM-favorable,10,0.005859375
UNSW-NB15,tuned_per_N,full_test,10000,QSVM_ZZ_vs_SVM_Poly2,SVM_Poly2,classical_kernel,f1_macro,0.0625572291402951,0.05438731724850826,0.03726485598385491,0.0878496022967353,0.001953125,0.001953125,1.7693375630315071,1.0,QSVM-favorable,QSVM-favorable,10,0.005859375
UNSW-NB15,tuned_per_N,full_test,10000,QSVM_ZZ_vs_SVM_RBF,SVM_RBF,classical_kernel,f1_macro,0.04013959694613427,0.0343246940167084,0.019327401308901322,0.06095179258336721,0.001953125,0.001953125,1.3796784529031938,1.0,QSVM-favorable,QSVM-favorable,10,0.005859375
UNSW-NB15,tuned_per_N,full_test,10000,QSVM_ZZ_vs_RandomForest,RandomForest,strong_tabular,f1_macro,-0.031184418887095743,-0.038607369576195816,-0.04268771113585312,-0.01968112663833837,0.001953125,0.001953125,-1.939269986987921,0.0,classical-favorable,classical-favorable,10,0.00390625
UNSW-NB15,tuned_per_N,full_test,10000,QSVM_ZZ_vs_XGBoost,XGBoost,strong_tabular,f1_macro,-0.020425389882000967,-0.02144000250998901,-0.0312568482382753,-0.009593931525726636,0.001953125,0.001953125,-1.3489821249018394,0.0,classical-favorable,classical-favorable,10,0.00390625
