run_id,condition,comparison,comparator,comparison_baseline,baseline_family,n_samples,qsvm_f1_macro,comparator_f1_macro,f1_delta_qsvm_minus_comparator,qsvm_correct_baseline_wrong,qsvm_wrong_baseline_correct,discordant_total,mcnemar_p,mcnemar_odds_ratio,discordant_advantage_rate
1,KDDTest21,QSVM_ZZ_vs_QSVM_Z,QSVM_Z,QSVM_Z,entanglement,1000,0.5808335557959713,0.5987487865386689,-0.01791523074269763,183,169,352,0.48842479869252076,1.0828402366863905,0.014
1,KDDTest21,QSVM_ZZ_vs_RandomForest,RandomForest,RandomForest,strong_tabular,1000,0.5808335557959713,0.5969123972367982,-0.01607884144082694,114,138,252,0.14722875077624192,0.8260869565217391,-0.024
1,KDDTest21,QSVM_ZZ_vs_SVM_Linear,SVM_Linear,SVM_Linear,classical_kernel,1000,0.5808335557959713,0.613776157496811,-0.032942601700839735,173,194,367,0.29647983490882174,0.8917525773195877,-0.021
1,KDDTest21,QSVM_ZZ_vs_SVM_Poly2,SVM_Poly2,SVM_Poly2,classical_kernel,1000,0.5808335557959713,0.6380221530442336,-0.05718859724826231,172,195,367,0.25077335610257595,0.882051282051282,-0.023
1,KDDTest21,QSVM_ZZ_vs_SVM_RBF,SVM_RBF,SVM_RBF,classical_kernel,1000,0.5808335557959713,0.6062247983870968,-0.025391242591125462,85,143,228,0.0001484646776327609,0.5944055944055944,-0.058
1,KDDTest21,QSVM_ZZ_vs_XGBoost,XGBoost,XGBoost,strong_tabular,1000,0.5808335557959713,0.688956565337691,-0.10812300954171972,89,179,268,4.0916018239879644e-08,0.4972067039106145,-0.09
2,KDDTest21,QSVM_ZZ_vs_QSVM_Z,QSVM_Z,QSVM_Z,entanglement,1000,0.6385123392422662,0.5886145381512549,0.049897801091011385,185,107,292,5.855070030917515e-06,1.7289719626168225,0.078
2,KDDTest21,QSVM_ZZ_vs_RandomForest,RandomForest,RandomForest,strong_tabular,1000,0.6385123392422662,0.613334824090638,0.02517751515162825,107,87,194,0.17237156543983903,1.2298850574712643,0.02
2,KDDTest21,QSVM_ZZ_vs_SVM_Linear,SVM_Linear,SVM_Linear,classical_kernel,1000,0.6385123392422662,0.5958999813915795,0.04261235785068673,201,146,347,0.0036834522516760847,1.3767123287671232,0.055
2,KDDTest21,QSVM_ZZ_vs_SVM_Poly2,SVM_Poly2,SVM_Poly2,classical_kernel,1000,0.6385123392422662,0.6267279873793417,0.011784351862924591,188,151,339,0.05039303036087252,1.2450331125827814,0.037
2,KDDTest21,QSVM_ZZ_vs_SVM_RBF,SVM_RBF,SVM_RBF,classical_kernel,1000,0.6385123392422662,0.5920992014742015,0.04641313776806477,144,116,260,0.09384822048623297,1.2413793103448276,0.028
2,KDDTest21,QSVM_ZZ_vs_XGBoost,XGBoost,XGBoost,strong_tabular,1000,0.6385123392422662,0.6195212268380518,0.018991112404214472,97,95,192,0.9424925696532246,1.0210526315789474,0.002
3,KDDTest21,QSVM_ZZ_vs_QSVM_Z,QSVM_Z,QSVM_Z,entanglement,1000,0.5695299515636457,0.6134427179176299,-0.04391276635398422,138,160,298,0.22373381343898055,0.8625,-0.022
3,KDDTest21,QSVM_ZZ_vs_RandomForest,RandomForest,RandomForest,strong_tabular,1000,0.5695299515636457,0.6610930310851757,-0.09156307952152998,93,172,265,1.3953204181653315e-06,0.5406976744186046,-0.079
3,KDDTest21,QSVM_ZZ_vs_SVM_Linear,SVM_Linear,SVM_Linear,classical_kernel,1000,0.5695299515636457,0.6091351975444228,-0.03960524598077708,152,186,338,0.0725026796360122,0.8172043010752689,-0.034
3,KDDTest21,QSVM_ZZ_vs_SVM_Poly2,SVM_Poly2,SVM_Poly2,classical_kernel,1000,0.5695299515636457,0.6240645543993499,-0.054534602835704216,143,171,314,0.12745063013248767,0.8362573099415205,-0.028
3,KDDTest21,QSVM_ZZ_vs_SVM_RBF,SVM_RBF,SVM_RBF,classical_kernel,1000,0.5695299515636457,0.5388391524397964,0.03069079912384931,156,140,296,0.3833189918391046,1.1142857142857143,0.016
3,KDDTest21,QSVM_ZZ_vs_XGBoost,XGBoost,XGBoost,strong_tabular,1000,0.5695299515636457,0.6239735653416435,-0.05444361377799778,79,140,219,4.5246753112699055e-05,0.5642857142857143,-0.061
4,KDDTest21,QSVM_ZZ_vs_QSVM_Z,QSVM_Z,QSVM_Z,entanglement,1000,0.6474847874860394,0.6274522871261277,0.020032500359911776,139,119,258,0.23679357177051705,1.1680672268907564,0.02
4,KDDTest21,QSVM_ZZ_vs_RandomForest,RandomForest,RandomForest,strong_tabular,1000,0.6474847874860394,0.6594731770929281,-0.011988389606888639,85,101,186,0.27135236737309876,0.8415841584158416,-0.016
4,KDDTest21,QSVM_ZZ_vs_SVM_Linear,SVM_Linear,SVM_Linear,classical_kernel,1000,0.6474847874860394,0.618147811095207,0.029336976390832437,145,132,277,0.4709680660326451,1.0984848484848484,0.013
4,KDDTest21,QSVM_ZZ_vs_SVM_Poly2,SVM_Poly2,SVM_Poly2,classical_kernel,1000,0.6474847874860394,0.6423567062465825,0.005128081239456961,132,124,256,0.6618328607844567,1.064516129032258,0.008
4,KDDTest21,QSVM_ZZ_vs_SVM_RBF,SVM_RBF,SVM_RBF,classical_kernel,1000,0.6474847874860394,0.6211974465264236,0.026287340959615824,132,101,233,0.049138643601743075,1.306930693069307,0.031
4,KDDTest21,QSVM_ZZ_vs_XGBoost,XGBoost,XGBoost,strong_tabular,1000,0.6474847874860394,0.6690843767305537,-0.021599589244514217,87,114,201,0.06640168631276244,0.7631578947368421,-0.027
5,KDDTest21,QSVM_ZZ_vs_QSVM_Z,QSVM_Z,QSVM_Z,entanglement,1000,0.6301137370524941,0.5865947864892896,0.04351895056320443,201,117,318,2.8651825301376827e-06,1.7179487179487178,0.084
5,KDDTest21,QSVM_ZZ_vs_RandomForest,RandomForest,RandomForest,strong_tabular,1000,0.6301137370524941,0.5778453225261736,0.05226841452632047,169,100,269,3.081978741004491e-05,1.69,0.069
5,KDDTest21,QSVM_ZZ_vs_SVM_Linear,SVM_Linear,SVM_Linear,classical_kernel,1000,0.6301137370524941,0.5914455488923573,0.03866818816013673,234,172,406,0.002425420439361637,1.3604651162790697,0.062
5,KDDTest21,QSVM_ZZ_vs_SVM_Poly2,SVM_Poly2,SVM_Poly2,classical_kernel,1000,0.6301137370524941,0.6059199579647955,0.024193779087698597,231,164,395,0.0008749791548637437,1.4085365853658536,0.067
5,KDDTest21,QSVM_ZZ_vs_SVM_RBF,SVM_RBF,SVM_RBF,classical_kernel,1000,0.6301137370524941,0.6049859550561798,0.02512778199631427,142,129,271,0.4660984129589389,1.1007751937984496,0.013
5,KDDTest21,QSVM_ZZ_vs_XGBoost,XGBoost,XGBoost,strong_tabular,1000,0.6301137370524941,0.595763602554774,0.034350134497720064,156,112,268,0.008500774795944653,1.3928571428571428,0.044
6,KDDTest21,QSVM_ZZ_vs_QSVM_Z,QSVM_Z,QSVM_Z,entanglement,1000,0.5371997917399063,0.5576789753209965,-0.020479183581090243,153,146,299,0.7286638719522035,1.047945205479452,0.007
6,KDDTest21,QSVM_ZZ_vs_RandomForest,RandomForest,RandomForest,strong_tabular,1000,0.5371997917399063,0.5800803242999775,-0.04288053256007118,81,139,220,0.00011178166898614002,0.5827338129496403,-0.058
6,KDDTest21,QSVM_ZZ_vs_SVM_Linear,SVM_Linear,SVM_Linear,classical_kernel,1000,0.5371997917399063,0.6179283963599411,-0.08072860462003484,116,197,313,5.471357018143148e-06,0.5888324873096447,-0.081
6,KDDTest21,QSVM_ZZ_vs_SVM_Poly2,SVM_Poly2,SVM_Poly2,classical_kernel,1000,0.5371997917399063,0.6432139289282146,-0.10601413718830832,122,208,330,2.54617870131771e-06,0.5865384615384616,-0.086
6,KDDTest21,QSVM_ZZ_vs_SVM_RBF,SVM_RBF,SVM_RBF,classical_kernel,1000,0.5371997917399063,0.604139857006661,-0.06694006526675467,77,182,259,5.6628436478090895e-11,0.4230769230769231,-0.105
6,KDDTest21,QSVM_ZZ_vs_XGBoost,XGBoost,XGBoost,strong_tabular,1000,0.5371997917399063,0.6000785474469685,-0.06287875570706225,68,150,218,2.8516913634193574e-08,0.4533333333333333,-0.082
7,KDDTest21,QSVM_ZZ_vs_QSVM_Z,QSVM_Z,QSVM_Z,entanglement,1000,0.6253241800152556,0.597698133669168,0.027626046346087563,178,117,295,0.0004573651241747199,1.5213675213675213,0.061
7,KDDTest21,QSVM_ZZ_vs_RandomForest,RandomForest,RandomForest,strong_tabular,1000,0.6253241800152556,0.6342764846701855,-0.00895230465492991,152,142,294,0.5997346547115037,1.0704225352112675,0.01
7,KDDTest21,QSVM_ZZ_vs_SVM_Linear,SVM_Linear,SVM_Linear,classical_kernel,1000,0.6253241800152556,0.6144054463800452,0.010918733635210343,189,159,348,0.11992448075351246,1.1886792452830188,0.03
7,KDDTest21,QSVM_ZZ_vs_SVM_Poly2,SVM_Poly2,SVM_Poly2,classical_kernel,1000,0.6253241800152556,0.6353840711817366,-0.010059891166480983,207,179,386,0.16927813408680767,1.1564245810055866,0.028
7,KDDTest21,QSVM_ZZ_vs_SVM_RBF,SVM_RBF,SVM_RBF,classical_kernel,1000,0.6253241800152556,0.6222917390800603,0.0030324409351952797,174,155,329,0.3210183830178663,1.1225806451612903,0.019
7,KDDTest21,QSVM_ZZ_vs_XGBoost,XGBoost,XGBoost,strong_tabular,1000,0.6253241800152556,0.6717912260434254,-0.04646704602816987,123,153,276,0.0806935432449588,0.803921568627451,-0.03
8,KDDTest21,QSVM_ZZ_vs_QSVM_Z,QSVM_Z,QSVM_Z,entanglement,1000,0.5757055189328477,0.5780052180172225,-0.0022996990843747733,108,110,218,0.9460223749390718,0.9818181818181818,-0.002
8,KDDTest21,QSVM_ZZ_vs_RandomForest,RandomForest,RandomForest,strong_tabular,1000,0.5757055189328477,0.6337012502703108,-0.05799573133746305,116,153,269,0.027979801403004715,0.7581699346405228,-0.037
8,KDDTest21,QSVM_ZZ_vs_SVM_Linear,SVM_Linear,SVM_Linear,classical_kernel,1000,0.5757055189328477,0.6149647352995801,-0.03925921636673235,162,191,353,0.13603528516205352,0.8481675392670157,-0.029
8,KDDTest21,QSVM_ZZ_vs_SVM_Poly2,SVM_Poly2,SVM_Poly2,classical_kernel,1000,0.5757055189328477,0.6488627053177792,-0.07315718638493152,145,190,335,0.01609072150707743,0.7631578947368421,-0.045
8,KDDTest21,QSVM_ZZ_vs_SVM_RBF,SVM_RBF,SVM_RBF,classical_kernel,1000,0.5757055189328477,0.5951417004048583,-0.01943618147201054,105,144,249,0.01586309085407039,0.7291666666666666,-0.039
8,KDDTest21,QSVM_ZZ_vs_XGBoost,XGBoost,XGBoost,strong_tabular,1000,0.5757055189328477,0.6248078463382304,-0.04910232740538267,71,121,192,0.0003789054762399955,0.5867768595041323,-0.05
9,KDDTest21,QSVM_ZZ_vs_QSVM_Z,QSVM_Z,QSVM_Z,entanglement,1000,0.5692326379945811,0.6146843889766613,-0.04545175098208021,121,155,276,0.0467961773367523,0.7806451612903226,-0.034
9,KDDTest21,QSVM_ZZ_vs_RandomForest,RandomForest,RandomForest,strong_tabular,1000,0.5692326379945811,0.5798218854724271,-0.010589247477845953,103,117,220,0.38082307757620837,0.8803418803418803,-0.014
9,KDDTest21,QSVM_ZZ_vs_SVM_Linear,SVM_Linear,SVM_Linear,classical_kernel,1000,0.5692326379945811,0.6112024458481151,-0.04196980785353399,130,176,306,0.00998224507707816,0.7386363636363636,-0.046
9,KDDTest21,QSVM_ZZ_vs_SVM_Poly2,SVM_Poly2,SVM_Poly2,classical_kernel,1000,0.5692326379945811,0.6408957180932551,-0.07166308009867395,115,171,286,0.0011085743104622472,0.672514619883041,-0.056
9,KDDTest21,QSVM_ZZ_vs_SVM_RBF,SVM_RBF,SVM_RBF,classical_kernel,1000,0.5692326379945811,0.5984753309766722,-0.029242692982091034,134,160,294,0.14470430047957905,0.8375,-0.026
9,KDDTest21,QSVM_ZZ_vs_XGBoost,XGBoost,XGBoost,strong_tabular,1000,0.5692326379945811,0.5717217244727826,-0.002489086478201452,103,112,215,0.5854471457724042,0.9196428571428571,-0.009
10,KDDTest21,QSVM_ZZ_vs_QSVM_Z,QSVM_Z,QSVM_Z,entanglement,1000,0.7129910070515543,0.6520331602392855,0.06095784681226879,173,106,279,7.219878275787772e-05,1.6320754716981132,0.067
10,KDDTest21,QSVM_ZZ_vs_RandomForest,RandomForest,RandomForest,strong_tabular,1000,0.7129910070515543,0.7161436829066887,-0.003152675855134457,100,104,204,0.8336993651841781,0.9615384615384616,-0.004
10,KDDTest21,QSVM_ZZ_vs_SVM_Linear,SVM_Linear,SVM_Linear,classical_kernel,1000,0.7129910070515543,0.6110357304387155,0.10195527661283876,210,112,322,5.138927265495415e-08,1.875,0.098
10,KDDTest21,QSVM_ZZ_vs_SVM_Poly2,SVM_Poly2,SVM_Poly2,classical_kernel,1000,0.7129910070515543,0.6327430454060223,0.08024796164553194,201,104,305,2.982203999782928e-08,1.9326923076923077,0.097
10,KDDTest21,QSVM_ZZ_vs_SVM_RBF,SVM_RBF,SVM_RBF,classical_kernel,1000,0.7129910070515543,0.6170725194108964,0.09591848764065791,147,89,236,0.00019340946708189212,1.651685393258427,0.058
10,KDDTest21,QSVM_ZZ_vs_XGBoost,XGBoost,XGBoost,strong_tabular,1000,0.7129910070515543,0.6854388635210553,0.02755214353049895,109,107,216,0.9457736301231237,1.0186915887850467,0.002
1,KDDTestPlus,QSVM_ZZ_vs_QSVM_Z,QSVM_Z,QSVM_Z,entanglement,1000,0.8109771282325161,0.7920097584600282,0.01896736977248792,102,84,186,0.21246829351544155,1.2142857142857142,0.018
1,KDDTestPlus,QSVM_ZZ_vs_RandomForest,RandomForest,RandomForest,strong_tabular,1000,0.8109771282325161,0.850921137281622,-0.03994400904910589,51,91,142,0.0009948396502908368,0.5604395604395604,-0.04
1,KDDTestPlus,QSVM_ZZ_vs_SVM_Linear,SVM_Linear,SVM_Linear,classical_kernel,1000,0.8109771282325161,0.79098306962864,0.019994058603876153,124,104,228,0.20818489418414443,1.1923076923076923,0.02
1,KDDTestPlus,QSVM_ZZ_vs_SVM_Poly2,SVM_Poly2,SVM_Poly2,classical_kernel,1000,0.8109771282325161,0.801821639475528,0.009155488756988128,110,101,211,0.5819149929677926,1.0891089108910892,0.009
1,KDDTestPlus,QSVM_ZZ_vs_SVM_RBF,SVM_RBF,SVM_RBF,classical_kernel,1000,0.8109771282325161,0.8291628982011858,-0.01818576996866972,57,76,133,0.11824011046976073,0.75,-0.019
1,KDDTestPlus,QSVM_ZZ_vs_XGBoost,XGBoost,XGBoost,strong_tabular,1000,0.8109771282325161,0.8479902713773682,-0.037013143144852045,51,88,139,0.002147097386325093,0.5795454545454546,-0.037
2,KDDTestPlus,QSVM_ZZ_vs_QSVM_Z,QSVM_Z,QSVM_Z,entanglement,1000,0.8259749403914163,0.7770718948182833,0.048903045573132964,102,55,157,0.00021876499887100984,1.8545454545454545,0.047
2,KDDTestPlus,QSVM_ZZ_vs_RandomForest,RandomForest,RandomForest,strong_tabular,1000,0.8259749403914163,0.8209912285701999,0.0049837118212163745,54,49,103,0.6936859650244839,1.1020408163265305,0.005
2,KDDTestPlus,QSVM_ZZ_vs_SVM_Linear,SVM_Linear,SVM_Linear,classical_kernel,1000,0.8259749403914163,0.7774436090225564,0.0485313313688599,128,80,208,0.0010691834257514278,1.6,0.048
2,KDDTestPlus,QSVM_ZZ_vs_SVM_Poly2,SVM_Poly2,SVM_Poly2,classical_kernel,1000,0.8259749403914163,0.7954887218045112,0.030486218586905034,114,84,198,0.03903905591217147,1.3571428571428572,0.03
2,KDDTestPlus,QSVM_ZZ_vs_SVM_RBF,SVM_RBF,SVM_RBF,classical_kernel,1000,0.8259749403914163,0.802976160115374,0.022998780276042297,92,69,161,0.08262582271649302,1.3333333333333333,0.023
2,KDDTestPlus,QSVM_ZZ_vs_XGBoost,XGBoost,XGBoost,strong_tabular,1000,0.8259749403914163,0.8349523012150512,-0.008977360823634872,56,65,121,0.4672071020769664,0.8615384615384616,-0.009
3,KDDTestPlus,QSVM_ZZ_vs_QSVM_Z,QSVM_Z,QSVM_Z,entanglement,1000,0.8059503232827604,0.8022642251819019,0.0036860981008585147,83,80,163,0.8755811728893373,1.0375,0.003
3,KDDTestPlus,QSVM_ZZ_vs_RandomForest,RandomForest,RandomForest,strong_tabular,1000,0.8059503232827604,0.8438594735261735,-0.037909150243413126,50,88,138,0.001539854968523712,0.5681818181818182,-0.038
3,KDDTestPlus,QSVM_ZZ_vs_SVM_Linear,SVM_Linear,SVM_Linear,classical_kernel,1000,0.8059503232827604,0.7899462262339159,0.016004097048844534,110,94,204,0.2936024539793784,1.1702127659574468,0.016
3,KDDTestPlus,QSVM_ZZ_vs_SVM_Poly2,SVM_Poly2,SVM_Poly2,classical_kernel,1000,0.8059503232827604,0.7893858491360808,0.01656447414667961,103,87,190,0.27646301231580356,1.1839080459770115,0.016
3,KDDTestPlus,QSVM_ZZ_vs_SVM_RBF,SVM_RBF,SVM_RBF,classical_kernel,1000,0.8059503232827604,0.793999175996704,0.011951147286056396,89,77,166,0.3933012967183949,1.155844155844156,0.012
3,KDDTestPlus,QSVM_ZZ_vs_XGBoost,XGBoost,XGBoost,strong_tabular,1000,0.8059503232827604,0.8249956248906223,-0.019045301607861886,49,68,117,0.0956727150096048,0.7205882352941176,-0.019
4,KDDTestPlus,QSVM_ZZ_vs_QSVM_Z,QSVM_Z,QSVM_Z,entanglement,1000,0.8397172612488429,0.7911445279866333,0.04857273326220968,93,45,138,5.3730760472650484e-05,2.066666666666667,0.048
4,KDDTestPlus,QSVM_ZZ_vs_RandomForest,RandomForest,RandomForest,strong_tabular,1000,0.8397172612488429,0.8184901387998889,0.021227122448954083,66,45,111,0.05716364524660199,1.4666666666666666,0.021
4,KDDTestPlus,QSVM_ZZ_vs_SVM_Linear,SVM_Linear,SVM_Linear,classical_kernel,1000,0.8397172612488429,0.78997899789979,0.04973826334905296,117,67,184,0.00028062150627415476,1.7462686567164178,0.05
4,KDDTestPlus,QSVM_ZZ_vs_SVM_Poly2,SVM_Poly2,SVM_Poly2,classical_kernel,1000,0.8397172612488429,0.8038870389344263,0.03583022231441668,103,67,170,0.0070883234248417274,1.537313432835821,0.036
4,KDDTestPlus,QSVM_ZZ_vs_SVM_RBF,SVM_RBF,SVM_RBF,classical_kernel,1000,0.8397172612488429,0.7847567550169781,0.05496050623186488,98,44,142,6.8164202241287475e-06,2.227272727272727,0.054
4,KDDTestPlus,QSVM_ZZ_vs_XGBoost,XGBoost,XGBoost,strong_tabular,1000,0.8397172612488429,0.8255282283294028,0.014189032919440181,62,48,110,0.2149765377432966,1.2916666666666667,0.014
5,KDDTestPlus,QSVM_ZZ_vs_QSVM_Z,QSVM_Z,QSVM_Z,entanglement,1000,0.8289984609861489,0.7820744094821845,0.04692405150396439,107,62,169,0.0006677136382200418,1.7258064516129032,0.045
5,KDDTestPlus,QSVM_ZZ_vs_RandomForest,RandomForest,RandomForest,strong_tabular,1000,0.8289984609861489,0.7946877200221536,0.034310740963995334,80,46,126,0.003125611066274854,1.7391304347826086,0.034
5,KDDTestPlus,QSVM_ZZ_vs_SVM_Linear,SVM_Linear,SVM_Linear,classical_kernel,1000,0.8289984609861489,0.7762731113387396,0.05272534964740938,143,91,234,0.0008192915951599085,1.5714285714285714,0.052
5,KDDTestPlus,QSVM_ZZ_vs_SVM_Poly2,SVM_Poly2,SVM_Poly2,classical_kernel,1000,0.8289984609861489,0.7645986710433128,0.06439978994283613,145,83,228,4.8435447452771646e-05,1.7469879518072289,0.062
5,KDDTestPlus,QSVM_ZZ_vs_SVM_RBF,SVM_RBF,SVM_RBF,classical_kernel,1000,0.8289984609861489,0.8218795906032478,0.007118870382901155,83,76,159,0.6343339062839174,1.0921052631578947,0.007
5,KDDTestPlus,QSVM_ZZ_vs_XGBoost,XGBoost,XGBoost,strong_tabular,1000,0.8289984609861489,0.8049295795782277,0.024068881407921183,75,51,126,0.040035759356284055,1.4705882352941178,0.024
6,KDDTestPlus,QSVM_ZZ_vs_QSVM_Z,QSVM_Z,QSVM_Z,entanglement,1000,0.7969266905352832,0.7682862450685268,0.02864044546675637,95,68,163,0.04137242299938582,1.3970588235294117,0.027
6,KDDTestPlus,QSVM_ZZ_vs_RandomForest,RandomForest,RandomForest,strong_tabular,1000,0.7969266905352832,0.8209983889855008,-0.024071698450217616,45,69,114,0.03077632385440321,0.6521739130434783,-0.024
6,KDDTestPlus,QSVM_ZZ_vs_SVM_Linear,SVM_Linear,SVM_Linear,classical_kernel,1000,0.7969266905352832,0.790999790999791,0.005926899535492192,101,95,196,0.7210848747598861,1.063157894736842,0.006
6,KDDTestPlus,QSVM_ZZ_vs_SVM_Poly2,SVM_Poly2,SVM_Poly2,classical_kernel,1000,0.7969266905352832,0.8016826923076923,-0.004756001772409091,100,105,205,0.7800402214898473,0.9523809523809523,-0.005
6,KDDTestPlus,QSVM_ZZ_vs_SVM_RBF,SVM_RBF,SVM_RBF,classical_kernel,1000,0.7969266905352832,0.8255282283294028,-0.028601537794119558,63,92,155,0.024197878749948425,0.6847826086956522,-0.029
6,KDDTestPlus,QSVM_ZZ_vs_XGBoost,XGBoost,XGBoost,strong_tabular,1000,0.7969266905352832,0.826985985864855,-0.030059295329571856,48,78,126,0.009503165032902184,0.6153846153846154,-0.03
7,KDDTestPlus,QSVM_ZZ_vs_QSVM_Z,QSVM_Z,QSVM_Z,entanglement,1000,0.8339574931182383,0.7953582434514638,0.03859924966677453,100,62,162,0.003518934993223743,1.6129032258064515,0.038
7,KDDTestPlus,QSVM_ZZ_vs_RandomForest,RandomForest,RandomForest,strong_tabular,1000,0.8339574931182383,0.8529669175564503,-0.019009424438211964,62,81,143,0.13197859831859357,0.7654320987654321,-0.019
7,KDDTestPlus,QSVM_ZZ_vs_SVM_Linear,SVM_Linear,SVM_Linear,classical_kernel,1000,0.8339574931182383,0.79098306962864,0.042974423489598346,127,84,211,0.003732534766771027,1.5119047619047619,0.043
7,KDDTestPlus,QSVM_ZZ_vs_SVM_Poly2,SVM_Poly2,SVM_Poly2,classical_kernel,1000,0.8339574931182383,0.8058881915983607,0.028069301519877632,126,98,224,0.07099158684192661,1.2857142857142858,0.028
7,KDDTestPlus,QSVM_ZZ_vs_SVM_RBF,SVM_RBF,SVM_RBF,classical_kernel,1000,0.8339574931182383,0.822999822999823,0.010957670118415308,101,90,191,0.46942078247474495,1.1222222222222222,0.011
7,KDDTestPlus,QSVM_ZZ_vs_XGBoost,XGBoost,XGBoost,strong_tabular,1000,0.8339574931182383,0.8619977919646715,-0.02804029884643322,56,84,140,0.022154955980559547,0.6666666666666666,-0.028
8,KDDTestPlus,QSVM_ZZ_vs_QSVM_Z,QSVM_Z,QSVM_Z,entanglement,1000,0.810999810999811,0.7879457141028103,0.023054096897000664,71,48,119,0.04326826257460883,1.4791666666666667,0.023
8,KDDTestPlus,QSVM_ZZ_vs_RandomForest,RandomForest,RandomForest,strong_tabular,1000,0.810999810999811,0.8235228056665223,-0.012522994666711251,65,78,143,0.31562489744334143,0.8333333333333334,-0.013
8,KDDTestPlus,QSVM_ZZ_vs_SVM_Linear,SVM_Linear,SVM_Linear,classical_kernel,1000,0.810999810999811,0.7939703317277688,0.017029479272042236,109,92,201,0.2590335472172408,1.184782608695652,0.017
8,KDDTestPlus,QSVM_ZZ_vs_SVM_Poly2,SVM_Poly2,SVM_Poly2,classical_kernel,1000,0.810999810999811,0.8017136745460445,0.009286136453766525,102,93,195,0.5668305073491761,1.096774193548387,0.009
8,KDDTestPlus,QSVM_ZZ_vs_SVM_RBF,SVM_RBF,SVM_RBF,classical_kernel,1000,0.810999810999811,0.8227573548187468,-0.01175754381893579,64,76,140,0.35258382707227787,0.8421052631578947,-0.012
8,KDDTestPlus,QSVM_ZZ_vs_XGBoost,XGBoost,XGBoost,strong_tabular,1000,0.810999810999811,0.8349721102866384,-0.023972299286827425,43,67,110,0.027850888125662096,0.6417910447761194,-0.024
9,KDDTestPlus,QSVM_ZZ_vs_QSVM_Z,QSVM_Z,QSVM_Z,entanglement,1000,0.7806663935846423,0.8015037593984962,-0.02083736581385387,54,75,129,0.0778494067533563,0.72,-0.021
9,KDDTestPlus,QSVM_ZZ_vs_RandomForest,RandomForest,RandomForest,strong_tabular,1000,0.7806663935846423,0.8109574654297217,-0.030291071845079398,42,72,114,0.0063516239199018,0.5833333333333334,-0.03
9,KDDTestPlus,QSVM_ZZ_vs_SVM_Linear,SVM_Linear,SVM_Linear,classical_kernel,1000,0.7806663935846423,0.7919700436862909,-0.011303650101648577,91,102,193,0.47173211176475355,0.8921568627450981,-0.011
9,KDDTestPlus,QSVM_ZZ_vs_SVM_Poly2,SVM_Poly2,SVM_Poly2,classical_kernel,1000,0.7806663935846423,0.8018858862704918,-0.02121949268584955,79,100,179,0.13472434931665664,0.79,-0.021
9,KDDTestPlus,QSVM_ZZ_vs_SVM_RBF,SVM_RBF,SVM_RBF,classical_kernel,1000,0.7806663935846423,0.7849516141131755,-0.004285220528533196,82,86,168,0.8170464889807812,0.9534883720930233,-0.004
9,KDDTestPlus,QSVM_ZZ_vs_XGBoost,XGBoost,XGBoost,strong_tabular,1000,0.7806663935846423,0.807950835413866,-0.027284441829223738,41,68,109,0.012403637243329971,0.6029411764705882,-0.027
10,KDDTestPlus,QSVM_ZZ_vs_QSVM_Z,QSVM_Z,QSVM_Z,entanglement,1000,0.8619552735086168,0.807351931898908,0.05460334160970881,101,47,148,1.0683059075368177e-05,2.148936170212766,0.054
10,KDDTestPlus,QSVM_ZZ_vs_RandomForest,RandomForest,RandomForest,strong_tabular,1000,0.8619552735086168,0.875999503998016,-0.014044230489399179,46,60,106,0.20649820735970997,0.7666666666666667,-0.014
10,KDDTestPlus,QSVM_ZZ_vs_SVM_Linear,SVM_Linear,SVM_Linear,classical_kernel,1000,0.8619552735086168,0.787978797879788,0.07397647562882881,135,61,196,1.3240945319970203e-07,2.2131147540983607,0.074
10,KDDTestPlus,QSVM_ZZ_vs_SVM_Poly2,SVM_Poly2,SVM_Poly2,classical_kernel,1000,0.8619552735086168,0.7965505802317319,0.06540469327688492,121,56,177,1.1549058927135583e-06,2.1607142857142856,0.065
10,KDDTestPlus,QSVM_ZZ_vs_SVM_RBF,SVM_RBF,SVM_RBF,classical_kernel,1000,0.8619552735086168,0.8268918073796123,0.03506346612900446,90,55,145,0.004581353958249264,1.6363636363636365,0.035
10,KDDTestPlus,QSVM_ZZ_vs_XGBoost,XGBoost,XGBoost,strong_tabular,1000,0.8619552735086168,0.8608662925070993,0.0010889810015174417,61,60,121,1.0,1.0166666666666666,0.001
