run_id,seed,regime,condition,model,f1_macro,accuracy,subset_path,train_size,eval_size,elapsed_sec
1,100,temporal,KDDTestPlus,QSVM_ZZ,0.8109771282325161,0.811,D:\coding\Research\Quantum\SVM\results\nslkdd\c3_revision\eval_subsets\temporal\KDDTestPlus_N1000.csv,1000,1000,27.17055058479309
1,100,temporal,KDDTestPlus,QSVM_Z,0.7920097584600282,0.793,D:\coding\Research\Quantum\SVM\results\nslkdd\c3_revision\eval_subsets\temporal\KDDTestPlus_N1000.csv,1000,1000,27.17055058479309
1,100,temporal,KDDTestPlus,SVM_Linear,0.79098306962864,0.791,D:\coding\Research\Quantum\SVM\results\nslkdd\c3_revision\eval_subsets\temporal\KDDTestPlus_N1000.csv,1000,1000,27.17055058479309
1,100,temporal,KDDTestPlus,SVM_Poly2,0.801821639475528,0.802,D:\coding\Research\Quantum\SVM\results\nslkdd\c3_revision\eval_subsets\temporal\KDDTestPlus_N1000.csv,1000,1000,27.17055058479309
1,100,temporal,KDDTestPlus,SVM_RBF,0.8291628982011858,0.83,D:\coding\Research\Quantum\SVM\results\nslkdd\c3_revision\eval_subsets\temporal\KDDTestPlus_N1000.csv,1000,1000,27.17055058479309
1,100,temporal,KDDTestPlus,RandomForest,0.850921137281622,0.851,D:\coding\Research\Quantum\SVM\results\nslkdd\c3_revision\eval_subsets\temporal\KDDTestPlus_N1000.csv,1000,1000,27.17055058479309
1,100,temporal,KDDTestPlus,XGBoost,0.8479902713773682,0.848,D:\coding\Research\Quantum\SVM\results\nslkdd\c3_revision\eval_subsets\temporal\KDDTestPlus_N1000.csv,1000,1000,27.17055058479309
2,101,temporal,KDDTestPlus,QSVM_ZZ,0.8259749403914163,0.826,D:\coding\Research\Quantum\SVM\results\nslkdd\c3_revision\eval_subsets\temporal\KDDTestPlus_N1000.csv,1000,1000,33.58772110939026
2,101,temporal,KDDTestPlus,QSVM_Z,0.7770718948182833,0.779,D:\coding\Research\Quantum\SVM\results\nslkdd\c3_revision\eval_subsets\temporal\KDDTestPlus_N1000.csv,1000,1000,33.58772110939026
2,101,temporal,KDDTestPlus,SVM_Linear,0.7774436090225564,0.778,D:\coding\Research\Quantum\SVM\results\nslkdd\c3_revision\eval_subsets\temporal\KDDTestPlus_N1000.csv,1000,1000,33.58772110939026
2,101,temporal,KDDTestPlus,SVM_Poly2,0.7954887218045112,0.796,D:\coding\Research\Quantum\SVM\results\nslkdd\c3_revision\eval_subsets\temporal\KDDTestPlus_N1000.csv,1000,1000,33.58772110939026
2,101,temporal,KDDTestPlus,SVM_RBF,0.802976160115374,0.803,D:\coding\Research\Quantum\SVM\results\nslkdd\c3_revision\eval_subsets\temporal\KDDTestPlus_N1000.csv,1000,1000,33.58772110939026
2,101,temporal,KDDTestPlus,RandomForest,0.8209912285701999,0.821,D:\coding\Research\Quantum\SVM\results\nslkdd\c3_revision\eval_subsets\temporal\KDDTestPlus_N1000.csv,1000,1000,33.58772110939026
2,101,temporal,KDDTestPlus,XGBoost,0.8349523012150512,0.835,D:\coding\Research\Quantum\SVM\results\nslkdd\c3_revision\eval_subsets\temporal\KDDTestPlus_N1000.csv,1000,1000,33.58772110939026
3,102,temporal,KDDTestPlus,QSVM_ZZ,0.8059503232827604,0.806,D:\coding\Research\Quantum\SVM\results\nslkdd\c3_revision\eval_subsets\temporal\KDDTestPlus_N1000.csv,1000,1000,31.28742527961731
3,102,temporal,KDDTestPlus,QSVM_Z,0.8022642251819019,0.803,D:\coding\Research\Quantum\SVM\results\nslkdd\c3_revision\eval_subsets\temporal\KDDTestPlus_N1000.csv,1000,1000,31.28742527961731
3,102,temporal,KDDTestPlus,SVM_Linear,0.7899462262339159,0.79,D:\coding\Research\Quantum\SVM\results\nslkdd\c3_revision\eval_subsets\temporal\KDDTestPlus_N1000.csv,1000,1000,31.28742527961731
3,102,temporal,KDDTestPlus,SVM_Poly2,0.7893858491360808,0.79,D:\coding\Research\Quantum\SVM\results\nslkdd\c3_revision\eval_subsets\temporal\KDDTestPlus_N1000.csv,1000,1000,31.28742527961731
3,102,temporal,KDDTestPlus,SVM_RBF,0.793999175996704,0.794,D:\coding\Research\Quantum\SVM\results\nslkdd\c3_revision\eval_subsets\temporal\KDDTestPlus_N1000.csv,1000,1000,31.28742527961731
3,102,temporal,KDDTestPlus,RandomForest,0.8438594735261735,0.844,D:\coding\Research\Quantum\SVM\results\nslkdd\c3_revision\eval_subsets\temporal\KDDTestPlus_N1000.csv,1000,1000,31.28742527961731
3,102,temporal,KDDTestPlus,XGBoost,0.8249956248906223,0.825,D:\coding\Research\Quantum\SVM\results\nslkdd\c3_revision\eval_subsets\temporal\KDDTestPlus_N1000.csv,1000,1000,31.28742527961731
4,103,temporal,KDDTestPlus,QSVM_ZZ,0.8397172612488429,0.84,D:\coding\Research\Quantum\SVM\results\nslkdd\c3_revision\eval_subsets\temporal\KDDTestPlus_N1000.csv,1000,1000,30.524852991104126
4,103,temporal,KDDTestPlus,QSVM_Z,0.7911445279866333,0.792,D:\coding\Research\Quantum\SVM\results\nslkdd\c3_revision\eval_subsets\temporal\KDDTestPlus_N1000.csv,1000,1000,30.524852991104126
4,103,temporal,KDDTestPlus,SVM_Linear,0.78997899789979,0.79,D:\coding\Research\Quantum\SVM\results\nslkdd\c3_revision\eval_subsets\temporal\KDDTestPlus_N1000.csv,1000,1000,30.524852991104126
4,103,temporal,KDDTestPlus,SVM_Poly2,0.8038870389344263,0.804,D:\coding\Research\Quantum\SVM\results\nslkdd\c3_revision\eval_subsets\temporal\KDDTestPlus_N1000.csv,1000,1000,30.524852991104126
4,103,temporal,KDDTestPlus,SVM_RBF,0.7847567550169781,0.786,D:\coding\Research\Quantum\SVM\results\nslkdd\c3_revision\eval_subsets\temporal\KDDTestPlus_N1000.csv,1000,1000,30.524852991104126
4,103,temporal,KDDTestPlus,RandomForest,0.8184901387998889,0.819,D:\coding\Research\Quantum\SVM\results\nslkdd\c3_revision\eval_subsets\temporal\KDDTestPlus_N1000.csv,1000,1000,30.524852991104126
4,103,temporal,KDDTestPlus,XGBoost,0.8255282283294028,0.826,D:\coding\Research\Quantum\SVM\results\nslkdd\c3_revision\eval_subsets\temporal\KDDTestPlus_N1000.csv,1000,1000,30.524852991104126
5,104,temporal,KDDTestPlus,QSVM_ZZ,0.8289984609861489,0.829,D:\coding\Research\Quantum\SVM\results\nslkdd\c3_revision\eval_subsets\temporal\KDDTestPlus_N1000.csv,1000,1000,32.58841609954834
5,104,temporal,KDDTestPlus,QSVM_Z,0.7820744094821845,0.784,D:\coding\Research\Quantum\SVM\results\nslkdd\c3_revision\eval_subsets\temporal\KDDTestPlus_N1000.csv,1000,1000,32.58841609954834
5,104,temporal,KDDTestPlus,SVM_Linear,0.7762731113387396,0.777,D:\coding\Research\Quantum\SVM\results\nslkdd\c3_revision\eval_subsets\temporal\KDDTestPlus_N1000.csv,1000,1000,32.58841609954834
5,104,temporal,KDDTestPlus,SVM_Poly2,0.7645986710433128,0.767,D:\coding\Research\Quantum\SVM\results\nslkdd\c3_revision\eval_subsets\temporal\KDDTestPlus_N1000.csv,1000,1000,32.58841609954834
5,104,temporal,KDDTestPlus,SVM_RBF,0.8218795906032478,0.822,D:\coding\Research\Quantum\SVM\results\nslkdd\c3_revision\eval_subsets\temporal\KDDTestPlus_N1000.csv,1000,1000,32.58841609954834
5,104,temporal,KDDTestPlus,RandomForest,0.7946877200221536,0.795,D:\coding\Research\Quantum\SVM\results\nslkdd\c3_revision\eval_subsets\temporal\KDDTestPlus_N1000.csv,1000,1000,32.58841609954834
5,104,temporal,KDDTestPlus,XGBoost,0.8049295795782277,0.805,D:\coding\Research\Quantum\SVM\results\nslkdd\c3_revision\eval_subsets\temporal\KDDTestPlus_N1000.csv,1000,1000,32.58841609954834
6,105,temporal,KDDTestPlus,QSVM_ZZ,0.7969266905352832,0.797,D:\coding\Research\Quantum\SVM\results\nslkdd\c3_revision\eval_subsets\temporal\KDDTestPlus_N1000.csv,1000,1000,32.64988136291504
6,105,temporal,KDDTestPlus,QSVM_Z,0.7682862450685268,0.77,D:\coding\Research\Quantum\SVM\results\nslkdd\c3_revision\eval_subsets\temporal\KDDTestPlus_N1000.csv,1000,1000,32.64988136291504
6,105,temporal,KDDTestPlus,SVM_Linear,0.790999790999791,0.791,D:\coding\Research\Quantum\SVM\results\nslkdd\c3_revision\eval_subsets\temporal\KDDTestPlus_N1000.csv,1000,1000,32.64988136291504
6,105,temporal,KDDTestPlus,SVM_Poly2,0.8016826923076923,0.802,D:\coding\Research\Quantum\SVM\results\nslkdd\c3_revision\eval_subsets\temporal\KDDTestPlus_N1000.csv,1000,1000,32.64988136291504
6,105,temporal,KDDTestPlus,SVM_RBF,0.8255282283294028,0.826,D:\coding\Research\Quantum\SVM\results\nslkdd\c3_revision\eval_subsets\temporal\KDDTestPlus_N1000.csv,1000,1000,32.64988136291504
6,105,temporal,KDDTestPlus,RandomForest,0.8209983889855008,0.821,D:\coding\Research\Quantum\SVM\results\nslkdd\c3_revision\eval_subsets\temporal\KDDTestPlus_N1000.csv,1000,1000,32.64988136291504
6,105,temporal,KDDTestPlus,XGBoost,0.826985985864855,0.827,D:\coding\Research\Quantum\SVM\results\nslkdd\c3_revision\eval_subsets\temporal\KDDTestPlus_N1000.csv,1000,1000,32.64988136291504
7,106,temporal,KDDTestPlus,QSVM_ZZ,0.8339574931182383,0.834,D:\coding\Research\Quantum\SVM\results\nslkdd\c3_revision\eval_subsets\temporal\KDDTestPlus_N1000.csv,1000,1000,32.32121825218201
7,106,temporal,KDDTestPlus,QSVM_Z,0.7953582434514638,0.796,D:\coding\Research\Quantum\SVM\results\nslkdd\c3_revision\eval_subsets\temporal\KDDTestPlus_N1000.csv,1000,1000,32.32121825218201
7,106,temporal,KDDTestPlus,SVM_Linear,0.79098306962864,0.791,D:\coding\Research\Quantum\SVM\results\nslkdd\c3_revision\eval_subsets\temporal\KDDTestPlus_N1000.csv,1000,1000,32.32121825218201
7,106,temporal,KDDTestPlus,SVM_Poly2,0.8058881915983607,0.806,D:\coding\Research\Quantum\SVM\results\nslkdd\c3_revision\eval_subsets\temporal\KDDTestPlus_N1000.csv,1000,1000,32.32121825218201
7,106,temporal,KDDTestPlus,SVM_RBF,0.822999822999823,0.823,D:\coding\Research\Quantum\SVM\results\nslkdd\c3_revision\eval_subsets\temporal\KDDTestPlus_N1000.csv,1000,1000,32.32121825218201
7,106,temporal,KDDTestPlus,RandomForest,0.8529669175564503,0.853,D:\coding\Research\Quantum\SVM\results\nslkdd\c3_revision\eval_subsets\temporal\KDDTestPlus_N1000.csv,1000,1000,32.32121825218201
7,106,temporal,KDDTestPlus,XGBoost,0.8619977919646715,0.862,D:\coding\Research\Quantum\SVM\results\nslkdd\c3_revision\eval_subsets\temporal\KDDTestPlus_N1000.csv,1000,1000,32.32121825218201
8,107,temporal,KDDTestPlus,QSVM_ZZ,0.810999810999811,0.811,D:\coding\Research\Quantum\SVM\results\nslkdd\c3_revision\eval_subsets\temporal\KDDTestPlus_N1000.csv,1000,1000,31.99447011947632
8,107,temporal,KDDTestPlus,QSVM_Z,0.7879457141028103,0.788,D:\coding\Research\Quantum\SVM\results\nslkdd\c3_revision\eval_subsets\temporal\KDDTestPlus_N1000.csv,1000,1000,31.99447011947632
8,107,temporal,KDDTestPlus,SVM_Linear,0.7939703317277688,0.794,D:\coding\Research\Quantum\SVM\results\nslkdd\c3_revision\eval_subsets\temporal\KDDTestPlus_N1000.csv,1000,1000,31.99447011947632
8,107,temporal,KDDTestPlus,SVM_Poly2,0.8017136745460445,0.802,D:\coding\Research\Quantum\SVM\results\nslkdd\c3_revision\eval_subsets\temporal\KDDTestPlus_N1000.csv,1000,1000,31.99447011947632
8,107,temporal,KDDTestPlus,SVM_RBF,0.8227573548187468,0.823,D:\coding\Research\Quantum\SVM\results\nslkdd\c3_revision\eval_subsets\temporal\KDDTestPlus_N1000.csv,1000,1000,31.99447011947632
8,107,temporal,KDDTestPlus,RandomForest,0.8235228056665223,0.824,D:\coding\Research\Quantum\SVM\results\nslkdd\c3_revision\eval_subsets\temporal\KDDTestPlus_N1000.csv,1000,1000,31.99447011947632
8,107,temporal,KDDTestPlus,XGBoost,0.8349721102866384,0.835,D:\coding\Research\Quantum\SVM\results\nslkdd\c3_revision\eval_subsets\temporal\KDDTestPlus_N1000.csv,1000,1000,31.99447011947632
9,108,temporal,KDDTestPlus,QSVM_ZZ,0.7806663935846423,0.781,D:\coding\Research\Quantum\SVM\results\nslkdd\c3_revision\eval_subsets\temporal\KDDTestPlus_N1000.csv,1000,1000,45.12360167503357
9,108,temporal,KDDTestPlus,QSVM_Z,0.8015037593984962,0.802,D:\coding\Research\Quantum\SVM\results\nslkdd\c3_revision\eval_subsets\temporal\KDDTestPlus_N1000.csv,1000,1000,45.12360167503357
9,108,temporal,KDDTestPlus,SVM_Linear,0.7919700436862909,0.792,D:\coding\Research\Quantum\SVM\results\nslkdd\c3_revision\eval_subsets\temporal\KDDTestPlus_N1000.csv,1000,1000,45.12360167503357
9,108,temporal,KDDTestPlus,SVM_Poly2,0.8018858862704918,0.802,D:\coding\Research\Quantum\SVM\results\nslkdd\c3_revision\eval_subsets\temporal\KDDTestPlus_N1000.csv,1000,1000,45.12360167503357
9,108,temporal,KDDTestPlus,SVM_RBF,0.7849516141131755,0.785,D:\coding\Research\Quantum\SVM\results\nslkdd\c3_revision\eval_subsets\temporal\KDDTestPlus_N1000.csv,1000,1000,45.12360167503357
9,108,temporal,KDDTestPlus,RandomForest,0.8109574654297217,0.811,D:\coding\Research\Quantum\SVM\results\nslkdd\c3_revision\eval_subsets\temporal\KDDTestPlus_N1000.csv,1000,1000,45.12360167503357
9,108,temporal,KDDTestPlus,XGBoost,0.807950835413866,0.808,D:\coding\Research\Quantum\SVM\results\nslkdd\c3_revision\eval_subsets\temporal\KDDTestPlus_N1000.csv,1000,1000,45.12360167503357
10,109,temporal,KDDTestPlus,QSVM_ZZ,0.8619552735086168,0.862,D:\coding\Research\Quantum\SVM\results\nslkdd\c3_revision\eval_subsets\temporal\KDDTestPlus_N1000.csv,1000,1000,31.064140558242798
10,109,temporal,KDDTestPlus,QSVM_Z,0.807351931898908,0.808,D:\coding\Research\Quantum\SVM\results\nslkdd\c3_revision\eval_subsets\temporal\KDDTestPlus_N1000.csv,1000,1000,31.064140558242798
10,109,temporal,KDDTestPlus,SVM_Linear,0.787978797879788,0.788,D:\coding\Research\Quantum\SVM\results\nslkdd\c3_revision\eval_subsets\temporal\KDDTestPlus_N1000.csv,1000,1000,31.064140558242798
10,109,temporal,KDDTestPlus,SVM_Poly2,0.7965505802317319,0.797,D:\coding\Research\Quantum\SVM\results\nslkdd\c3_revision\eval_subsets\temporal\KDDTestPlus_N1000.csv,1000,1000,31.064140558242798
10,109,temporal,KDDTestPlus,SVM_RBF,0.8268918073796123,0.827,D:\coding\Research\Quantum\SVM\results\nslkdd\c3_revision\eval_subsets\temporal\KDDTestPlus_N1000.csv,1000,1000,31.064140558242798
10,109,temporal,KDDTestPlus,RandomForest,0.875999503998016,0.876,D:\coding\Research\Quantum\SVM\results\nslkdd\c3_revision\eval_subsets\temporal\KDDTestPlus_N1000.csv,1000,1000,31.064140558242798
10,109,temporal,KDDTestPlus,XGBoost,0.8608662925070993,0.861,D:\coding\Research\Quantum\SVM\results\nslkdd\c3_revision\eval_subsets\temporal\KDDTestPlus_N1000.csv,1000,1000,31.064140558242798
1,100,temporal,KDDTest21,QSVM_ZZ,0.5808335557959713,0.642,D:\coding\Research\Quantum\SVM\results\nslkdd\c3_revision\eval_subsets\temporal\KDDTest21_N1000.csv,1000,1000,14.027520656585693
1,100,temporal,KDDTest21,QSVM_Z,0.5987487865386689,0.628,D:\coding\Research\Quantum\SVM\results\nslkdd\c3_revision\eval_subsets\temporal\KDDTest21_N1000.csv,1000,1000,14.027520656585693
1,100,temporal,KDDTest21,SVM_Linear,0.613776157496811,0.663,D:\coding\Research\Quantum\SVM\results\nslkdd\c3_revision\eval_subsets\temporal\KDDTest21_N1000.csv,1000,1000,14.027520656585693
1,100,temporal,KDDTest21,SVM_Poly2,0.6380221530442336,0.665,D:\coding\Research\Quantum\SVM\results\nslkdd\c3_revision\eval_subsets\temporal\KDDTest21_N1000.csv,1000,1000,14.027520656585693
1,100,temporal,KDDTest21,SVM_RBF,0.6062247983870968,0.7,D:\coding\Research\Quantum\SVM\results\nslkdd\c3_revision\eval_subsets\temporal\KDDTest21_N1000.csv,1000,1000,14.027520656585693
1,100,temporal,KDDTest21,RandomForest,0.5969123972367982,0.666,D:\coding\Research\Quantum\SVM\results\nslkdd\c3_revision\eval_subsets\temporal\KDDTest21_N1000.csv,1000,1000,14.027520656585693
1,100,temporal,KDDTest21,XGBoost,0.688956565337691,0.732,D:\coding\Research\Quantum\SVM\results\nslkdd\c3_revision\eval_subsets\temporal\KDDTest21_N1000.csv,1000,1000,14.027520656585693
2,101,temporal,KDDTest21,QSVM_ZZ,0.6385123392422662,0.688,D:\coding\Research\Quantum\SVM\results\nslkdd\c3_revision\eval_subsets\temporal\KDDTest21_N1000.csv,1000,1000,16.45511293411255
2,101,temporal,KDDTest21,QSVM_Z,0.5886145381512549,0.61,D:\coding\Research\Quantum\SVM\results\nslkdd\c3_revision\eval_subsets\temporal\KDDTest21_N1000.csv,1000,1000,16.45511293411255
2,101,temporal,KDDTest21,SVM_Linear,0.5958999813915795,0.633,D:\coding\Research\Quantum\SVM\results\nslkdd\c3_revision\eval_subsets\temporal\KDDTest21_N1000.csv,1000,1000,16.45511293411255
2,101,temporal,KDDTest21,SVM_Poly2,0.6267279873793417,0.651,D:\coding\Research\Quantum\SVM\results\nslkdd\c3_revision\eval_subsets\temporal\KDDTest21_N1000.csv,1000,1000,16.45511293411255
2,101,temporal,KDDTest21,SVM_RBF,0.5920992014742015,0.66,D:\coding\Research\Quantum\SVM\results\nslkdd\c3_revision\eval_subsets\temporal\KDDTest21_N1000.csv,1000,1000,16.45511293411255
2,101,temporal,KDDTest21,RandomForest,0.613334824090638,0.668,D:\coding\Research\Quantum\SVM\results\nslkdd\c3_revision\eval_subsets\temporal\KDDTest21_N1000.csv,1000,1000,16.45511293411255
2,101,temporal,KDDTest21,XGBoost,0.6195212268380518,0.686,D:\coding\Research\Quantum\SVM\results\nslkdd\c3_revision\eval_subsets\temporal\KDDTest21_N1000.csv,1000,1000,16.45511293411255
3,102,temporal,KDDTest21,QSVM_ZZ,0.5695299515636457,0.619,D:\coding\Research\Quantum\SVM\results\nslkdd\c3_revision\eval_subsets\temporal\KDDTest21_N1000.csv,1000,1000,16.32407784461975
3,102,temporal,KDDTest21,QSVM_Z,0.6134427179176299,0.641,D:\coding\Research\Quantum\SVM\results\nslkdd\c3_revision\eval_subsets\temporal\KDDTest21_N1000.csv,1000,1000,16.32407784461975
3,102,temporal,KDDTest21,SVM_Linear,0.6091351975444228,0.653,D:\coding\Research\Quantum\SVM\results\nslkdd\c3_revision\eval_subsets\temporal\KDDTest21_N1000.csv,1000,1000,16.32407784461975
3,102,temporal,KDDTest21,SVM_Poly2,0.6240645543993499,0.647,D:\coding\Research\Quantum\SVM\results\nslkdd\c3_revision\eval_subsets\temporal\KDDTest21_N1000.csv,1000,1000,16.32407784461975
3,102,temporal,KDDTest21,SVM_RBF,0.5388391524397964,0.603,D:\coding\Research\Quantum\SVM\results\nslkdd\c3_revision\eval_subsets\temporal\KDDTest21_N1000.csv,1000,1000,16.32407784461975
3,102,temporal,KDDTest21,RandomForest,0.6610930310851757,0.698,D:\coding\Research\Quantum\SVM\results\nslkdd\c3_revision\eval_subsets\temporal\KDDTest21_N1000.csv,1000,1000,16.32407784461975
3,102,temporal,KDDTest21,XGBoost,0.6239735653416435,0.68,D:\coding\Research\Quantum\SVM\results\nslkdd\c3_revision\eval_subsets\temporal\KDDTest21_N1000.csv,1000,1000,16.32407784461975
4,103,temporal,KDDTest21,QSVM_ZZ,0.6474847874860394,0.679,D:\coding\Research\Quantum\SVM\results\nslkdd\c3_revision\eval_subsets\temporal\KDDTest21_N1000.csv,1000,1000,16.63242244720459
4,103,temporal,KDDTest21,QSVM_Z,0.6274522871261277,0.659,D:\coding\Research\Quantum\SVM\results\nslkdd\c3_revision\eval_subsets\temporal\KDDTest21_N1000.csv,1000,1000,16.63242244720459
4,103,temporal,KDDTest21,SVM_Linear,0.618147811095207,0.666,D:\coding\Research\Quantum\SVM\results\nslkdd\c3_revision\eval_subsets\temporal\KDDTest21_N1000.csv,1000,1000,16.63242244720459
4,103,temporal,KDDTest21,SVM_Poly2,0.6423567062465825,0.671,D:\coding\Research\Quantum\SVM\results\nslkdd\c3_revision\eval_subsets\temporal\KDDTest21_N1000.csv,1000,1000,16.63242244720459
4,103,temporal,KDDTest21,SVM_RBF,0.6211974465264236,0.648,D:\coding\Research\Quantum\SVM\results\nslkdd\c3_revision\eval_subsets\temporal\KDDTest21_N1000.csv,1000,1000,16.63242244720459
4,103,temporal,KDDTest21,RandomForest,0.6594731770929281,0.695,D:\coding\Research\Quantum\SVM\results\nslkdd\c3_revision\eval_subsets\temporal\KDDTest21_N1000.csv,1000,1000,16.63242244720459
4,103,temporal,KDDTest21,XGBoost,0.6690843767305537,0.706,D:\coding\Research\Quantum\SVM\results\nslkdd\c3_revision\eval_subsets\temporal\KDDTest21_N1000.csv,1000,1000,16.63242244720459
5,104,temporal,KDDTest21,QSVM_ZZ,0.6301137370524941,0.689,D:\coding\Research\Quantum\SVM\results\nslkdd\c3_revision\eval_subsets\temporal\KDDTest21_N1000.csv,1000,1000,16.518495559692383
5,104,temporal,KDDTest21,QSVM_Z,0.5865947864892896,0.605,D:\coding\Research\Quantum\SVM\results\nslkdd\c3_revision\eval_subsets\temporal\KDDTest21_N1000.csv,1000,1000,16.518495559692383
5,104,temporal,KDDTest21,SVM_Linear,0.5914455488923573,0.627,D:\coding\Research\Quantum\SVM\results\nslkdd\c3_revision\eval_subsets\temporal\KDDTest21_N1000.csv,1000,1000,16.518495559692383
5,104,temporal,KDDTest21,SVM_Poly2,0.6059199579647955,0.622,D:\coding\Research\Quantum\SVM\results\nslkdd\c3_revision\eval_subsets\temporal\KDDTest21_N1000.csv,1000,1000,16.518495559692383
5,104,temporal,KDDTest21,SVM_RBF,0.6049859550561798,0.676,D:\coding\Research\Quantum\SVM\results\nslkdd\c3_revision\eval_subsets\temporal\KDDTest21_N1000.csv,1000,1000,16.518495559692383
5,104,temporal,KDDTest21,RandomForest,0.5778453225261736,0.62,D:\coding\Research\Quantum\SVM\results\nslkdd\c3_revision\eval_subsets\temporal\KDDTest21_N1000.csv,1000,1000,16.518495559692383
5,104,temporal,KDDTest21,XGBoost,0.595763602554774,0.645,D:\coding\Research\Quantum\SVM\results\nslkdd\c3_revision\eval_subsets\temporal\KDDTest21_N1000.csv,1000,1000,16.518495559692383
6,105,temporal,KDDTest21,QSVM_ZZ,0.5371997917399063,0.584,D:\coding\Research\Quantum\SVM\results\nslkdd\c3_revision\eval_subsets\temporal\KDDTest21_N1000.csv,1000,1000,16.412484884262085
6,105,temporal,KDDTest21,QSVM_Z,0.5576789753209965,0.577,D:\coding\Research\Quantum\SVM\results\nslkdd\c3_revision\eval_subsets\temporal\KDDTest21_N1000.csv,1000,1000,16.412484884262085
6,105,temporal,KDDTest21,SVM_Linear,0.6179283963599411,0.665,D:\coding\Research\Quantum\SVM\results\nslkdd\c3_revision\eval_subsets\temporal\KDDTest21_N1000.csv,1000,1000,16.412484884262085
6,105,temporal,KDDTest21,SVM_Poly2,0.6432139289282146,0.67,D:\coding\Research\Quantum\SVM\results\nslkdd\c3_revision\eval_subsets\temporal\KDDTest21_N1000.csv,1000,1000,16.412484884262085
6,105,temporal,KDDTest21,SVM_RBF,0.604139857006661,0.689,D:\coding\Research\Quantum\SVM\results\nslkdd\c3_revision\eval_subsets\temporal\KDDTest21_N1000.csv,1000,1000,16.412484884262085
6,105,temporal,KDDTest21,RandomForest,0.5800803242999775,0.642,D:\coding\Research\Quantum\SVM\results\nslkdd\c3_revision\eval_subsets\temporal\KDDTest21_N1000.csv,1000,1000,16.412484884262085
6,105,temporal,KDDTest21,XGBoost,0.6000785474469685,0.666,D:\coding\Research\Quantum\SVM\results\nslkdd\c3_revision\eval_subsets\temporal\KDDTest21_N1000.csv,1000,1000,16.412484884262085
7,106,temporal,KDDTest21,QSVM_ZZ,0.6253241800152556,0.693,D:\coding\Research\Quantum\SVM\results\nslkdd\c3_revision\eval_subsets\temporal\KDDTest21_N1000.csv,1000,1000,16.711625814437866
7,106,temporal,KDDTest21,QSVM_Z,0.597698133669168,0.632,D:\coding\Research\Quantum\SVM\results\nslkdd\c3_revision\eval_subsets\temporal\KDDTest21_N1000.csv,1000,1000,16.711625814437866
7,106,temporal,KDDTest21,SVM_Linear,0.6144054463800452,0.663,D:\coding\Research\Quantum\SVM\results\nslkdd\c3_revision\eval_subsets\temporal\KDDTest21_N1000.csv,1000,1000,16.711625814437866
7,106,temporal,KDDTest21,SVM_Poly2,0.6353840711817366,0.665,D:\coding\Research\Quantum\SVM\results\nslkdd\c3_revision\eval_subsets\temporal\KDDTest21_N1000.csv,1000,1000,16.711625814437866
7,106,temporal,KDDTest21,SVM_RBF,0.6222917390800603,0.674,D:\coding\Research\Quantum\SVM\results\nslkdd\c3_revision\eval_subsets\temporal\KDDTest21_N1000.csv,1000,1000,16.711625814437866
7,106,temporal,KDDTest21,RandomForest,0.6342764846701855,0.683,D:\coding\Research\Quantum\SVM\results\nslkdd\c3_revision\eval_subsets\temporal\KDDTest21_N1000.csv,1000,1000,16.711625814437866
7,106,temporal,KDDTest21,XGBoost,0.6717912260434254,0.723,D:\coding\Research\Quantum\SVM\results\nslkdd\c3_revision\eval_subsets\temporal\KDDTest21_N1000.csv,1000,1000,16.711625814437866
8,107,temporal,KDDTest21,QSVM_ZZ,0.5757055189328477,0.631,D:\coding\Research\Quantum\SVM\results\nslkdd\c3_revision\eval_subsets\temporal\KDDTest21_N1000.csv,1000,1000,15.378981590270996
8,107,temporal,KDDTest21,QSVM_Z,0.5780052180172225,0.633,D:\coding\Research\Quantum\SVM\results\nslkdd\c3_revision\eval_subsets\temporal\KDDTest21_N1000.csv,1000,1000,15.378981590270996
8,107,temporal,KDDTest21,SVM_Linear,0.6149647352995801,0.66,D:\coding\Research\Quantum\SVM\results\nslkdd\c3_revision\eval_subsets\temporal\KDDTest21_N1000.csv,1000,1000,15.378981590270996
8,107,temporal,KDDTest21,SVM_Poly2,0.6488627053177792,0.676,D:\coding\Research\Quantum\SVM\results\nslkdd\c3_revision\eval_subsets\temporal\KDDTest21_N1000.csv,1000,1000,15.378981590270996
8,107,temporal,KDDTest21,SVM_RBF,0.5951417004048583,0.67,D:\coding\Research\Quantum\SVM\results\nslkdd\c3_revision\eval_subsets\temporal\KDDTest21_N1000.csv,1000,1000,15.378981590270996
8,107,temporal,KDDTest21,RandomForest,0.6337012502703108,0.668,D:\coding\Research\Quantum\SVM\results\nslkdd\c3_revision\eval_subsets\temporal\KDDTest21_N1000.csv,1000,1000,15.378981590270996
8,107,temporal,KDDTest21,XGBoost,0.6248078463382304,0.681,D:\coding\Research\Quantum\SVM\results\nslkdd\c3_revision\eval_subsets\temporal\KDDTest21_N1000.csv,1000,1000,15.378981590270996
9,108,temporal,KDDTest21,QSVM_ZZ,0.5692326379945811,0.617,D:\coding\Research\Quantum\SVM\results\nslkdd\c3_revision\eval_subsets\temporal\KDDTest21_N1000.csv,1000,1000,16.442493677139282
9,108,temporal,KDDTest21,QSVM_Z,0.6146843889766613,0.651,D:\coding\Research\Quantum\SVM\results\nslkdd\c3_revision\eval_subsets\temporal\KDDTest21_N1000.csv,1000,1000,16.442493677139282
9,108,temporal,KDDTest21,SVM_Linear,0.6112024458481151,0.663,D:\coding\Research\Quantum\SVM\results\nslkdd\c3_revision\eval_subsets\temporal\KDDTest21_N1000.csv,1000,1000,16.442493677139282
9,108,temporal,KDDTest21,SVM_Poly2,0.6408957180932551,0.673,D:\coding\Research\Quantum\SVM\results\nslkdd\c3_revision\eval_subsets\temporal\KDDTest21_N1000.csv,1000,1000,16.442493677139282
9,108,temporal,KDDTest21,SVM_RBF,0.5984753309766722,0.643,D:\coding\Research\Quantum\SVM\results\nslkdd\c3_revision\eval_subsets\temporal\KDDTest21_N1000.csv,1000,1000,16.442493677139282
9,108,temporal,KDDTest21,RandomForest,0.5798218854724271,0.631,D:\coding\Research\Quantum\SVM\results\nslkdd\c3_revision\eval_subsets\temporal\KDDTest21_N1000.csv,1000,1000,16.442493677139282
9,108,temporal,KDDTest21,XGBoost,0.5717217244727826,0.626,D:\coding\Research\Quantum\SVM\results\nslkdd\c3_revision\eval_subsets\temporal\KDDTest21_N1000.csv,1000,1000,16.442493677139282
10,109,temporal,KDDTest21,QSVM_ZZ,0.7129910070515543,0.754,D:\coding\Research\Quantum\SVM\results\nslkdd\c3_revision\eval_subsets\temporal\KDDTest21_N1000.csv,1000,1000,15.951327323913574
10,109,temporal,KDDTest21,QSVM_Z,0.6520331602392855,0.687,D:\coding\Research\Quantum\SVM\results\nslkdd\c3_revision\eval_subsets\temporal\KDDTest21_N1000.csv,1000,1000,15.951327323913574
10,109,temporal,KDDTest21,SVM_Linear,0.6110357304387155,0.656,D:\coding\Research\Quantum\SVM\results\nslkdd\c3_revision\eval_subsets\temporal\KDDTest21_N1000.csv,1000,1000,15.951327323913574
10,109,temporal,KDDTest21,SVM_Poly2,0.6327430454060223,0.657,D:\coding\Research\Quantum\SVM\results\nslkdd\c3_revision\eval_subsets\temporal\KDDTest21_N1000.csv,1000,1000,15.951327323913574
10,109,temporal,KDDTest21,SVM_RBF,0.6170725194108964,0.696,D:\coding\Research\Quantum\SVM\results\nslkdd\c3_revision\eval_subsets\temporal\KDDTest21_N1000.csv,1000,1000,15.951327323913574
10,109,temporal,KDDTest21,RandomForest,0.7161436829066887,0.758,D:\coding\Research\Quantum\SVM\results\nslkdd\c3_revision\eval_subsets\temporal\KDDTest21_N1000.csv,1000,1000,15.951327323913574
10,109,temporal,KDDTest21,XGBoost,0.6854388635210553,0.752,D:\coding\Research\Quantum\SVM\results\nslkdd\c3_revision\eval_subsets\temporal\KDDTest21_N1000.csv,1000,1000,15.951327323913574
